class,x,y,z,phylum,kingdom,superkingdom,class,phylum_eng,kingdom_eng,superkingdom_eng,class_eng
Aconoidasida,0.2964187972448038,0.6637562221397172,0.6867048668902488,Apicomplexa,,Eukaryota,Aconoidasida,apicomplexans,,eukaryotes,Aconoidasida
Actinopteri,-0.2812398266236251,-0.586954764865355,-0.7592023866681197,Chordata,Metazoa,Eukaryota,Actinopteri,chordates,multicellular animals,eukaryotes,Actinopteri
Agaricomycetes,0.4053494098039233,0.1180238586806027,-0.9065110174475278,Basidiomycota,Fungi,Eukaryota,Agaricomycetes,basidiomycetes,Fungi,eukaryotes,Agaricomycetes
Agaricostilbomycetes,0.504100178073803,-0.2929325112934157,-0.812449108740537,Basidiomycota,Fungi,Eukaryota,Agaricostilbomycetes,basidiomycetes,Fungi,eukaryotes,Agaricostilbomycetes
Amphibia,-0.0041265524996339,-0.6727204598622577,-0.7398852305913264,Chordata,Metazoa,Eukaryota,Amphibia,chordates,multicellular animals,eukaryotes,amphibians
Andreaeobryopsida,-0.8491043964604114,0.4537070402163766,-0.2705025795989674,Streptophyta,Viridiplantae,Eukaryota,Andreaeobryopsida,Streptophyta,green plants,eukaryotes,Andreaeobryopsida
Andreaeopsida,-0.7541665413377754,0.6538428876687349,-0.0610107053854281,Streptophyta,Viridiplantae,Eukaryota,Andreaeopsida,Streptophyta,green plants,eukaryotes,Andreaeopsida
Anthocerotopsida,-0.6345190644053682,0.7699579761770518,-0.0674557027053664,Streptophyta,Viridiplantae,Eukaryota,Anthocerotopsida,Streptophyta,green plants,eukaryotes,Anthocerotopsida
Anthozoa,0.5929374986533762,-0.6811201214484003,0.4295352172392783,Cnidaria,Metazoa,Eukaryota,Anthozoa,coelenterates,multicellular animals,eukaryotes,anthozoans
Anthozoa,0.5857218778149963,-0.6177788406406282,0.5246705498744864,Cnidaria,Metazoa,Eukaryota,Anthozoa,coelenterates,multicellular animals,eukaryotes,anthozoans
Appendicularia,0.0475332884809505,-0.7311715923590221,-0.6805355898212516,Chordata,Metazoa,Eukaryota,Appendicularia,chordates,multicellular animals,eukaryotes,appendicularians
Arachnida,0.2440636990880208,-0.8737424142122476,-0.4207221225393609,Arthropoda,Metazoa,Eukaryota,Arachnida,arthropods,multicellular animals,eukaryotes,arachnids
Armophorea,0.2481089241521476,0.8123177725388947,0.5278084862651532,Ciliophora,,Eukaryota,Armophorea,ciliates,,eukaryotes,Armophorea
Arthoniomycetes,0.8459111284586818,0.168596393734665,-0.5059739309188027,Ascomycota,Fungi,Eukaryota,Arthoniomycetes,ascomycetes,Fungi,eukaryotes,Arthoniomycetes
Ascidiacea,-0.0626208747258802,-0.8391279924078369,-0.5403173497178846,Chordata,Metazoa,Eukaryota,Ascidiacea,chordates,multicellular animals,eukaryotes,sea squirts
Ascidiacea,-0.1057407335583274,-0.7924028198918532,-0.6007634045895157,Chordata,Metazoa,Eukaryota,Ascidiacea,chordates,multicellular animals,eukaryotes,sea squirts
Asteroidea,-0.260712404444621,-0.8744270724045937,-0.409153195288312,Echinodermata,Metazoa,Eukaryota,Asteroidea,echinoderms,multicellular animals,eukaryotes,starfishes
Atractiellomycetes,0.4123428612228915,-0.2541924578204442,-0.8748483063855819,Basidiomycota,Fungi,Eukaryota,Atractiellomycetes,basidiomycetes,Fungi,eukaryotes,Atractiellomycetes
Aurearenophyceae,-0.4585645003470084,0.6353348704298327,0.6213438673048975,,,Eukaryota,Aurearenophyceae,,,eukaryotes,Aurearenophyceae
Aves,-0.0940594928605152,-0.6913877598657633,-0.7163349616699051,Chordata,Metazoa,Eukaryota,Aves,chordates,multicellular animals,eukaryotes,birds
Bacillariophyceae,-0.088474112605544,0.6245652344781628,0.7759449718117252,Bacillariophyta,,Eukaryota,Bacillariophyceae,diatoms,,eukaryotes,"Raphid, pennate diatoms"
Bangiophyceae,-0.1323743848971973,0.9895052149511592,-0.057934892832809,Rhodophyta,,Eukaryota,Bangiophyceae,red algae,,eukaryotes,Bangiophyceae
Bangiophyceae,0.1363695634357253,0.988745317535576,0.0615307989532284,Rhodophyta,,Eukaryota,Bangiophyceae,red algae,,eukaryotes,Bangiophyceae
Bangiophyceae,0.0893793242361505,0.9953159140725432,0.0368451841225823,Rhodophyta,,Eukaryota,Bangiophyceae,red algae,,eukaryotes,Bangiophyceae
Bangiophyceae,-0.0319918072745083,0.9991731982758582,-0.0250887248480971,Rhodophyta,,Eukaryota,Bangiophyceae,red algae,,eukaryotes,Bangiophyceae
Bartheletiomycetes,0.5773110002819959,0.3172376505842689,-0.7523777521997674,Basidiomycota,Fungi,Eukaryota,Bartheletiomycetes,basidiomycetes,Fungi,eukaryotes,Bartheletiomycetes
Basidiobolomycetes,0.9618735736221792,-0.1771164390043438,-0.208396246131543,Zoopagomycota,Fungi,Eukaryota,Basidiobolomycetes,Zoopagomycota,Fungi,eukaryotes,Basidiobolomycetes
Bigyra,-0.4482204431239609,0.790010981755189,0.4183074026023952,,,Eukaryota,Bigyra,,,eukaryotes,Bigyra
Bigyra,-0.6906196753035064,0.4004251485969319,0.6022492544244487,,,Eukaryota,Bigyra,,,eukaryotes,Bigyra
Bivalvia,-0.0568428448985543,-0.991705306798398,0.1152799872125876,Mollusca,Metazoa,Eukaryota,Bivalvia,molluscs,multicellular animals,eukaryotes,bivalves
Blastocladiomycetes,-0.1263659241356792,0.048235446618309,-0.990810271902178,Blastocladiomycota,Fungi,Eukaryota,Blastocladiomycetes,Blastocladiomycota,Fungi,eukaryotes,Blastocladiomycetes
Bolidophyceae,-0.4022625901337641,0.2384899972169408,0.8839159065241098,,,Eukaryota,Bolidophyceae,,,eukaryotes,Bolidophyceae
Branchiopoda,0.5431476216809742,-0.7808951642464237,-0.3085342825665443,Arthropoda,Metazoa,Eukaryota,Branchiopoda,arthropods,multicellular animals,eukaryotes,Branchiopoda
Bryopsida,-0.8828438679765238,0.4460513010464996,-0.1470542131697532,Streptophyta,Viridiplantae,Eukaryota,Bryopsida,Streptophyta,green plants,eukaryotes,Bryopsida
Calcarea,0.7966693905662636,-0.5422604853985659,0.2669671292689229,Porifera,Metazoa,Eukaryota,Calcarea,sponges,multicellular animals,eukaryotes,Calcarea
Candelariomycetes,0.9281574452424314,0.2759351857079208,-0.2497669516356763,Ascomycota,Fungi,Eukaryota,Candelariomycetes,ascomycetes,Fungi,eukaryotes,Candelariomycetes
Caudofoveata,0.1070041311376701,-0.9866046244814822,0.1231317622355243,Mollusca,Metazoa,Eukaryota,Caudofoveata,molluscs,multicellular animals,eukaryotes,Caudofoveata
Caudofoveata,0.0225403067596119,-0.8662774881701047,0.4990543538141678,Mollusca,Metazoa,Eukaryota,Caudofoveata,molluscs,multicellular animals,eukaryotes,Caudofoveata
Cephalocarida,0.4496583918779029,-0.8766913012855186,-0.1709376870794804,Arthropoda,Metazoa,Eukaryota,Cephalocarida,arthropods,multicellular animals,eukaryotes,horseshoe shrimps
Cephalopoda,0.0833387565961791,-0.9951711069912208,-0.0518567204793233,Mollusca,Metazoa,Eukaryota,Cephalopoda,molluscs,multicellular animals,eukaryotes,cephalopods
Cestoda,0.2449025586197623,-0.7896572185711682,0.5625515211426774,Platyhelminthes,Metazoa,Eukaryota,Cestoda,flatworms,multicellular animals,eukaryotes,tapeworms
Charophyceae,-0.56402064568225,0.8164201722059925,0.123849964308898,Streptophyta,Viridiplantae,Eukaryota,Charophyceae,Streptophyta,green plants,eukaryotes,Charophyceae
Chilopoda,0.7692613900601564,-0.6386052413969338,-0.0205002298299315,Arthropoda,Metazoa,Eukaryota,Chilopoda,arthropods,multicellular animals,eukaryotes,centipede
Chlorarachniophyceae,0.0314917030416121,0.9280916789018392,0.371017665607319,Cercozoa,,Eukaryota,Chlorarachniophyceae,Cercozoa,,eukaryotes,chlorarachniophytes
Chlorokybophyceae,-0.90226614423563,0.2972286130110101,0.3123635007066617,Streptophyta,Viridiplantae,Eukaryota,Chlorokybophyceae,Streptophyta,green plants,eukaryotes,Chlorokybophyceae
Chlorophyceae,-0.4254871930468346,0.90495657864428,-0.0037735025592174,Chlorophyta,Viridiplantae,Eukaryota,Chlorophyceae,green algae,green plants,eukaryotes,Chlorophyceae
Choanoflagellata,-0.3035160198736479,-0.386660026314088,-0.8708455946554751,,,Eukaryota,Choanoflagellata,,,eukaryotes,Choanoflagellata
Chondrichthyes,0.113997983026175,-0.6352075899496961,-0.763882044255697,Chordata,Metazoa,Eukaryota,Chondrichthyes,chordates,multicellular animals,eukaryotes,fishes
Chromadorea,0.2538592537436975,-0.7099771186373619,-0.6568774393295012,Nematoda,Metazoa,Eukaryota,Chromadorea,roundworms,multicellular animals,eukaryotes,Chromadorea
Chrysomerophyceae,-0.55953466279083,0.4101264077047143,0.7202203071552333,,,Eukaryota,Chrysomerophyceae,,,eukaryotes,Chrysomerophyceae
Chrysophyceae,-0.5681013628007263,0.0931293208024071,0.8176721660854305,,,Eukaryota,Chrysophyceae,,,eukaryotes,golden algae
Chytridiomycetes,-0.1145306470715671,-0.0838704247049244,-0.9898729629306904,Chytridiomycota,Fungi,Eukaryota,Chytridiomycetes,Chytridiomycota,Fungi,eukaryotes,Chytridiomycetes
Chytridiomycetes,0.9989622181632524,-0.0227984404123881,0.0394299099303774,Chytridiomycota,Fungi,Eukaryota,Chytridiomycetes,Chytridiomycota,Fungi,eukaryotes,Chytridiomycetes
Chytridiomycetes,-0.0220482798677598,-0.1479238057132456,-0.988752962603998,Chytridiomycota,Fungi,Eukaryota,Chytridiomycetes,Chytridiomycota,Fungi,eukaryotes,Chytridiomycetes
Chytridiomycetes,0.9854823095785104,0.05306327106517,0.1612727713275534,Chytridiomycota,Fungi,Eukaryota,Chytridiomycetes,Chytridiomycota,Fungi,eukaryotes,Chytridiomycetes
Cladistia,0.046311238418349,-0.6579844451224938,-0.75160610639683,Chordata,Metazoa,Eukaryota,Cladistia,chordates,multicellular animals,eukaryotes,Cladistia
Clitellata,-0.35063548157674,-0.8770348941730296,0.3284273945065339,Annelida,Metazoa,Eukaryota,Clitellata,annelid worms,multicellular animals,eukaryotes,Clitellata
Coleochaetophyceae,-0.9784605250391032,0.1312117596056806,-0.1593689903380953,Streptophyta,Viridiplantae,Eukaryota,Coleochaetophyceae,Streptophyta,green plants,eukaryotes,Coleochaetophyceae
Collembola,0.5469068906006702,-0.8362141679452624,-0.0404810862146627,Arthropoda,Metazoa,Eukaryota,Collembola,arthropods,multicellular animals,eukaryotes,springtails
Collemopsidiomycetes,0.8849926674542785,-0.0378505640241167,-0.4640639108519612,Ascomycota,Fungi,Eukaryota,Collemopsidiomycetes,ascomycetes,Fungi,eukaryotes,Collemopsidiomycetes
Compsopogonophyceae,-0.0099012679180353,0.9947983052444026,-0.1013819351584865,Rhodophyta,,Eukaryota,Compsopogonophyceae,red algae,,eukaryotes,Compsopogonophyceae
Coniocybomycetes,0.8908297050154074,0.3498579804468552,-0.2898651931153689,Ascomycota,Fungi,Eukaryota,Coniocybomycetes,ascomycetes,Fungi,eukaryotes,Coniocybomycetes
Conoidasida,0.3717908876611466,0.6269361981937248,0.6846331420889111,Apicomplexa,,Eukaryota,Conoidasida,apicomplexans,,eukaryotes,Conoidasida
Conoidasida,0.3509821612024699,0.5506291010266501,0.7573764688846799,Apicomplexa,,Eukaryota,Conoidasida,apicomplexans,,eukaryotes,Conoidasida
Corycida,-0.8120731462499773,-0.1663652953365002,0.5593387110215616,Tubulinea,,Eukaryota,Corycida,Tubulinea,,eukaryotes,Corycida
Coscinodiscophyceae,-0.0847908792761567,0.8089022038479695,0.5817969846961003,Bacillariophyta,,Eukaryota,Coscinodiscophyceae,diatoms,,eukaryotes,centric diatoms
Coscinodiscophyceae,-0.2252655713632901,0.2733807290058438,0.9351568848950448,Bacillariophyta,,Eukaryota,Coscinodiscophyceae,diatoms,,eukaryotes,centric diatoms
Coscinodiscophyceae,0.0856010606545279,0.6850876393517559,0.7234137024015085,Bacillariophyta,,Eukaryota,Coscinodiscophyceae,diatoms,,eukaryotes,centric diatoms
Coscinodiscophyceae,-0.2968259306699745,0.4478805082059538,0.8433845014292591,Bacillariophyta,,Eukaryota,Coscinodiscophyceae,diatoms,,eukaryotes,centric diatoms
Coscinodiscophyceae,0.0507111208612703,0.5337964583517949,0.8440910633765022,Bacillariophyta,,Eukaryota,Coscinodiscophyceae,diatoms,,eukaryotes,centric diatoms
Coscinodiscophyceae,0.0793499256418198,0.6210548103644524,0.7797400283580493,Bacillariophyta,,Eukaryota,Coscinodiscophyceae,diatoms,,eukaryotes,centric diatoms
Coscinodiscophyceae,-0.051598829024946,0.690662802601397,0.7213338020265223,Bacillariophyta,,Eukaryota,Coscinodiscophyceae,diatoms,,eukaryotes,centric diatoms
Coscinodiscophyceae,0.0307336294068639,0.722640485149425,0.6905404935602873,Bacillariophyta,,Eukaryota,Coscinodiscophyceae,diatoms,,eukaryotes,centric diatoms
Coscinodiscophyceae,-0.23116973862392,0.7422772311179492,0.628955534285548,Bacillariophyta,,Eukaryota,Coscinodiscophyceae,diatoms,,eukaryotes,centric diatoms
Craniata,-0.2418687985362887,-0.9052923863838296,0.349206499724852,Brachiopoda,Metazoa,Eukaryota,Craniata,brachiopods,multicellular animals,eukaryotes,Craniata
Crinoidea,-0.5498749184308788,-0.6848118921171853,-0.4781947788250255,Echinodermata,Metazoa,Eukaryota,Crinoidea,echinoderms,multicellular animals,eukaryotes,crinoids
Cryptophyceae,-0.1777157479573694,0.916250322221316,-0.3590298872758186,,,Eukaryota,Cryptophyceae,,,eukaryotes,cryptomonads
Cubozoa,0.4653607280212281,-0.6635381408557942,0.5857956370998241,Cnidaria,Metazoa,Eukaryota,Cubozoa,coelenterates,multicellular animals,eukaryotes,box jellyfishes
Cycadopsida,-0.7564902455020246,0.5197331464515061,-0.3969886206680287,Streptophyta,Viridiplantae,Eukaryota,Cycadopsida,Streptophyta,green plants,eukaryotes,cycads
Dacrymycetes,0.5490803244824637,-0.030295627776729,-0.835220313572321,Basidiomycota,Fungi,Eukaryota,Dacrymycetes,basidiomycetes,Fungi,eukaryotes,Dacrymycetes
Demospongiae,0.7753560193477641,-0.5334572216458157,0.3380036034351067,Porifera,Metazoa,Eukaryota,Demospongiae,sponges,multicellular animals,eukaryotes,Demospongiae
Dictyochophyceae,0.0263194714147693,0.1278409012442607,0.9914454041416008,,,Eukaryota,Dictyochophyceae,,,eukaryotes,silicoflagellates
Dinophyceae,0.2895314838343608,0.3977502217738961,0.8706125894722002,,,Eukaryota,Dinophyceae,,,eukaryotes,dinophytes
Diplopoda,0.3528683400830594,-0.6992360274293519,-0.6217337955361967,Arthropoda,Metazoa,Eukaryota,Diplopoda,arthropods,multicellular animals,eukaryotes,millipede
Dothideomycetes,0.829079349371631,0.0453756575579386,-0.557286714489676,Ascomycota,Fungi,Eukaryota,Dothideomycetes,ascomycetes,Fungi,eukaryotes,Dothideomycetes
Echinamoebida,-0.956995287395804,-0.1658782679871265,0.2380008825862074,Tubulinea,,Eukaryota,Echinamoebida,Tubulinea,,eukaryotes,Echinamoebida
Echinoidea,-0.5173779709568517,-0.7458123525077691,-0.4196236051694402,Echinodermata,Metazoa,Eukaryota,Echinoidea,echinoderms,multicellular animals,eukaryotes,sea urchin
Elardia,-0.6942920476876653,-0.2516268502526245,0.6742718151825805,Tubulinea,,Eukaryota,Elardia,Tubulinea,,eukaryotes,Elardia
Elardia,-0.8924711017586298,-0.1990774617619733,0.4048005641598681,Tubulinea,,Eukaryota,Elardia,Tubulinea,,eukaryotes,Elardia
Elardia,-0.8798533975293178,-0.1975643495079306,0.4322341109394588,Tubulinea,,Eukaryota,Elardia,Tubulinea,,eukaryotes,Elardia
Elardia,-0.8586843498892422,-0.2227923316320956,0.4615460586130314,Tubulinea,,Eukaryota,Elardia,Tubulinea,,eukaryotes,Elardia
Elardia,-0.8280267203823762,-0.2402861357453694,0.5065908835553242,Tubulinea,,Eukaryota,Elardia,Tubulinea,,eukaryotes,Elardia
Elardia,-0.8514099298977171,-0.1595629801575452,0.4996406575077806,Tubulinea,,Eukaryota,Elardia,Tubulinea,,eukaryotes,Elardia
Elardia,-0.7944366473067179,-0.2449509246461158,0.5557602522050981,Tubulinea,,Eukaryota,Elardia,Tubulinea,,eukaryotes,Elardia
Elardia,-0.7692576770417465,-0.2419488472308497,0.5913572369016877,Tubulinea,,Eukaryota,Elardia,Tubulinea,,eukaryotes,Elardia
Endogonomycetes,0.170732224022019,0.3267859421101718,-0.929549060415674,Mucoromycota,Fungi,Eukaryota,Endogonomycetes,Mucoromycota,Fungi,eukaryotes,Endogonomycetes
Enopla,-0.2022077774443946,-0.9780735687087048,0.0498408360124167,Nemertea,Metazoa,Eukaryota,Enopla,ribbon worms,multicellular animals,eukaryotes,Enopla
Enoplea,0.7485535746050801,-0.6373560825644983,0.1828791129790203,Nematoda,Metazoa,Eukaryota,Enoplea,roundworms,multicellular animals,eukaryotes,Enoplea
Enteropneusta,-0.4066719570808443,-0.7849144531311805,-0.4674689514714489,Hemichordata,Metazoa,Eukaryota,Enteropneusta,hemichordates,multicellular animals,eukaryotes,acorn worms
Entomophthoromycetes,0.2125795899629466,-0.2725975331784618,-0.938349882952091,Zoopagomycota,Fungi,Eukaryota,Entomophthoromycetes,Zoopagomycota,Fungi,eukaryotes,Entomophthoromycetes
Entoprocta,-0.1139035662331655,-0.9838721496824868,-0.1379187104004726,Entoprocta,Metazoa,Eukaryota,Entoprocta,nodding heads,multicellular animals,eukaryotes,nodding heads
Euglenida,-0.1051143703946532,-0.0677059436018034,0.9921526466917906,Euglenozoa,,Eukaryota,Euglenida,Euglenozoa,,eukaryotes,euglenophytes
Eumycetozoa,0.6418230379410632,0.1892778848466565,0.7431265506467121,Evosea,,Eukaryota,Eumycetozoa,Evosea,,eukaryotes,Eumycetozoa
Eurotatoria,-0.286096531240011,-0.9379232522633236,-0.1960835221945562,Rotifera,Metazoa,Eukaryota,Eurotatoria,rotifers,multicellular animals,eukaryotes,Eurotatoria
Eurotiomycetes,0.886485595832476,0.1538879037575885,-0.4364192954701192,Ascomycota,Fungi,Eukaryota,Eurotiomycetes,ascomycetes,Fungi,eukaryotes,Eurotiomycetes
Eustigmatophyceae,-0.2272374363152768,0.8159533036623722,0.53158569749319,,,Eukaryota,Eustigmatophyceae,,,eukaryotes,eustigmatophytes
Eutardigrada,0.6190871035819913,-0.7345299862341161,0.2778432246814196,Tardigrada,Metazoa,Eukaryota,Eutardigrada,tardigrades,multicellular animals,eukaryotes,Eutardigrada
Exobasidiomycetes,0.5192389157174551,0.5267332614861744,-0.6730104157059525,Basidiomycota,Fungi,Eukaryota,Exobasidiomycetes,basidiomycetes,Fungi,eukaryotes,Exobasidiomycetes
Filasterea,0.7500853319704242,-0.4364891817913719,0.4968391982743684,,,Eukaryota,Filasterea,,,eukaryotes,Filasterea
Florideophyceae,-0.0822515729477658,0.9862184621169716,-0.1435542536020918,Rhodophyta,,Eukaryota,Florideophyceae,red algae,,eukaryotes,Florideophyceae
Fragilariophyceae,-0.0289213756824496,0.6511043829671983,0.7584369693715745,Bacillariophyta,,Eukaryota,Fragilariophyceae,diatoms,,eukaryotes,"Araphid, pennate diatoms"
Fragilariophyceae,-0.2105694724934048,0.570997873486352,0.7934871931719587,Bacillariophyta,,Eukaryota,Fragilariophyceae,diatoms,,eukaryotes,"Araphid, pennate diatoms"
Fragilariophyceae,-0.1468391640622882,0.6597411291447225,0.737007396443438,Bacillariophyta,,Eukaryota,Fragilariophyceae,diatoms,,eukaryotes,"Araphid, pennate diatoms"
Gastropoda,0.0349728462482955,-0.9957637546299736,0.0850379032579639,Mollusca,Metazoa,Eukaryota,Gastropoda,molluscs,multicellular animals,eukaryotes,gastropods
Geoglossomycetes,0.8522642864973247,0.3469251756865613,-0.3915207637355325,Ascomycota,Fungi,Eukaryota,Geoglossomycetes,ascomycetes,Fungi,eukaryotes,Geoglossomycetes
Ginkgoopsida,-0.7887265799806131,0.3939848366255784,-0.4718965252480691,Streptophyta,Viridiplantae,Eukaryota,Ginkgoopsida,Streptophyta,green plants,eukaryotes,Ginkgoopsida
Glaucocystophyceae,-0.0888964248953995,0.9655100621569058,-0.2447197284948327,,,Eukaryota,Glaucocystophyceae,,,eukaryotes,glaucocystophytes
Glomeromycetes,0.5497743947526994,-0.3316050733747058,-0.7666721530005242,Mucoromycota,Fungi,Eukaryota,Glomeromycetes,Mucoromycota,Fungi,eukaryotes,Glomeromycetes
Gnetopsida,-0.7080266262793232,0.5533254965327468,-0.4387814847578563,Streptophyta,Viridiplantae,Eukaryota,Gnetopsida,Streptophyta,green plants,eukaryotes,Gnetopsida
Gymnolaemata,-0.0284220750798732,-0.9531523383209498,-0.3011524623865121,Bryozoa,Metazoa,Eukaryota,Gymnolaemata,bryozoans,multicellular animals,eukaryotes,Gymnolaemata
Haplomitriopsida,-0.5362894243373176,0.7954480679707372,-0.2822339889268652,Streptophyta,Viridiplantae,Eukaryota,Haplomitriopsida,Streptophyta,green plants,eukaryotes,Haplomitriopsida
Heterotardigrada,0.2215721408127385,-0.6455388979292442,-0.7308798243733075,Tardigrada,Metazoa,Eukaryota,Heterotardigrada,tardigrades,multicellular animals,eukaryotes,Heterotardigrada
Heterotrichea,0.3139924318512911,0.7687941860943103,0.5571034483538039,Ciliophora,,Eukaryota,Heterotrichea,ciliates,,eukaryotes,Heterotrichea
Hexactinellida,0.7080003654334944,-0.5337376034643685,0.4624496223310717,Porifera,Metazoa,Eukaryota,Hexactinellida,sponges,multicellular animals,eukaryotes,Hexactinellida
Hexanauplia,0.6983355875341565,-0.69856003944957,-0.1560169172479047,Arthropoda,Metazoa,Eukaryota,Hexanauplia,arthropods,multicellular animals,eukaryotes,Hexanauplia
Holothuroidea,-0.5928540530711055,-0.7517852305299745,-0.2886919446644744,Echinodermata,Metazoa,Eukaryota,Holothuroidea,echinoderms,multicellular animals,eukaryotes,sea cucumbers
Homoscleromorpha,0.1069312163724705,-0.5029737054832967,-0.8576614521811655,Porifera,Metazoa,Eukaryota,Homoscleromorpha,sponges,multicellular animals,eukaryotes,Homoscleromorpha
Hydrozoa,0.6619638133498038,-0.6221244745084058,0.4180490976345076,Cnidaria,Metazoa,Eukaryota,Hydrozoa,coelenterates,multicellular animals,eukaryotes,hydrozoans
Hyperoartia,-0.3923687017338285,-0.6145612795524656,-0.6843692245963038,Chordata,Metazoa,Eukaryota,Hyperoartia,chordates,multicellular animals,eukaryotes,fishes
Ichthyosporea,0.8397198420254092,-0.4040814687436556,0.3627516416596785,,,Eukaryota,Ichthyosporea,,,eukaryotes,Ichthyosporea
Ichthyostraca,0.3269957145128773,-0.8643640191178273,-0.3820322566808845,Arthropoda,Metazoa,Eukaryota,Ichthyostraca,arthropods,multicellular animals,eukaryotes,Ichthyostraca
Imbricatea,-0.2458600073516831,0.9273553746957311,0.282072447800153,Cercozoa,,Eukaryota,Imbricatea,Cercozoa,,eukaryotes,Imbricatea
Insecta,0.51570355536354,-0.8533603799277921,0.0763276159387848,Arthropoda,Metazoa,Eukaryota,Insecta,arthropods,multicellular animals,eukaryotes,true insects
Jungermanniopsida,-0.5564591814462341,0.7620360044595,-0.3311409175737544,Streptophyta,Viridiplantae,Eukaryota,Jungermanniopsida,Streptophyta,green plants,eukaryotes,Jungermanniopsida
Kickxellomycetes,0.0132704891567797,0.0082608408917161,-0.999877818848534,Zoopagomycota,Fungi,Eukaryota,Kickxellomycetes,Zoopagomycota,Fungi,eukaryotes,Kickxellomycetes
Kinetoplastea,0.3353361588027596,0.0560357203378351,0.9404305708799722,Euglenozoa,,Eukaryota,Kinetoplastea,Euglenozoa,,eukaryotes,kinetoplasts
Klebsormidiophyceae,-0.7111078173838962,0.6703586163809641,0.2120023525796612,Streptophyta,Viridiplantae,Eukaryota,Klebsormidiophyceae,Streptophyta,green plants,eukaryotes,Klebsormidiophyceae
Lecanoromycetes,0.9580553587744212,0.0671248021858894,-0.2786111814969387,Ascomycota,Fungi,Eukaryota,Lecanoromycetes,ascomycetes,Fungi,eukaryotes,Lecanoromycetes
Leiosporocerotopsida,-0.6329156777499273,0.7576345895049935,-0.1593975333684632,Streptophyta,Viridiplantae,Eukaryota,Leiosporocerotopsida,Streptophyta,green plants,eukaryotes,Leiosporocerotopsida
Leotiomycetes,0.9605383066411474,0.16028743188454,-0.2273193802886505,Ascomycota,Fungi,Eukaryota,Leotiomycetes,ascomycetes,Fungi,eukaryotes,Leotiomycetes
Lepidosauria,0.0084965800362042,-0.6464020184871551,-0.7629496959979865,Chordata,Metazoa,Eukaryota,Lepidosauria,chordates,multicellular animals,eukaryotes,lepidosaurs
Leptocardii,0.1557254511121431,-0.5655093703435312,-0.8099066217346185,Chordata,Metazoa,Eukaryota,Leptocardii,chordates,multicellular animals,eukaryotes,Leptocardii
Lichinomycetes,0.9134950591439974,0.3378141666094654,-0.2267341301115846,Ascomycota,Fungi,Eukaryota,Lichinomycetes,ascomycetes,Fungi,eukaryotes,Lichinomycetes
Lingulata,-0.4529591006267194,-0.8912654954472174,0.0217685503573279,Brachiopoda,Metazoa,Eukaryota,Lingulata,brachiopods,multicellular animals,eukaryotes,Lingulata
Litostomatea,0.2917372209697033,0.8389939045307573,0.4593240926199159,Ciliophora,,Eukaryota,Litostomatea,ciliates,,eukaryotes,Litostomatea
Lycopodiopsida,-0.6437593178199278,0.6985193142232733,-0.312481532857654,Streptophyta,Viridiplantae,Eukaryota,Lycopodiopsida,Streptophyta,green plants,eukaryotes,club mosses
Magnoliopsida,-0.7989772818411586,0.3337308006822689,-0.5002589887025375,Streptophyta,Viridiplantae,Eukaryota,Magnoliopsida,Streptophyta,green plants,eukaryotes,angiosperms
Malacostraca,0.7009161890792716,-0.710562480674033,0.0617855723041811,Arthropoda,Metazoa,Eukaryota,Malacostraca,arthropods,multicellular animals,eukaryotes,Malacostraca
Malasseziomycetes,0.3515976725880899,0.4756379388490412,-0.806317324480923,Basidiomycota,Fungi,Eukaryota,Malasseziomycetes,basidiomycetes,Fungi,eukaryotes,Malasseziomycetes
Mamiellophyceae,-0.9926031846845432,0.0052499412198241,0.1212903783129179,Chlorophyta,Viridiplantae,Eukaryota,Mamiellophyceae,green algae,green plants,eukaryotes,Mamiellophyceae
Mammalia,-0.1548305553396685,-0.6553944955985204,-0.739246612621506,Chordata,Metazoa,Eukaryota,Mammalia,chordates,multicellular animals,eukaryotes,mammals
Marchantiopsida,-0.5445932784881004,0.8183217271181278,-0.1837599302132721,Streptophyta,Viridiplantae,Eukaryota,Marchantiopsida,Streptophyta,green plants,eukaryotes,Marchantiopsida
Mediophyceae,-0.0020236918327852,0.7864583183098377,0.6176400393697189,Bacillariophyta,,Eukaryota,Mediophyceae,diatoms,,eukaryotes,Mediophyceae
Mediophyceae,-0.3620924980737904,0.4829102173014353,0.7972996581364892,Bacillariophyta,,Eukaryota,Mediophyceae,diatoms,,eukaryotes,Mediophyceae
Mediophyceae,-0.2198805083101759,0.3724168800078825,0.9016419630598684,Bacillariophyta,,Eukaryota,Mediophyceae,diatoms,,eukaryotes,Mediophyceae
Mediophyceae,-0.0364097150534425,0.5630785799579692,0.825600899613272,Bacillariophyta,,Eukaryota,Mediophyceae,diatoms,,eukaryotes,Mediophyceae
Mediophyceae,-0.1430425545584177,0.6394411082761343,0.7554163730235075,Bacillariophyta,,Eukaryota,Mediophyceae,diatoms,,eukaryotes,Mediophyceae
Mediophyceae,-0.3046285745126925,0.6352759938485357,0.7096660082250806,Bacillariophyta,,Eukaryota,Mediophyceae,diatoms,,eukaryotes,Mediophyceae
Merostomata,0.579795399927976,-0.7978138668128897,0.1653188680805161,Arthropoda,Metazoa,Eukaryota,Merostomata,arthropods,multicellular animals,eukaryotes,horseshoe crabs
Mesostigmatophyceae,-0.9662405961221052,0.1478647167434766,0.2109861036845088,Streptophyta,Viridiplantae,Eukaryota,Mesostigmatophyceae,Streptophyta,green plants,eukaryotes,Mesostigmatophyceae
Mesostigmatophyceae,-0.8373780283955822,0.4687297137836586,0.2812303201587925,Streptophyta,Viridiplantae,Eukaryota,Mesostigmatophyceae,Streptophyta,green plants,eukaryotes,Mesostigmatophyceae
Microbotryomycetes,0.3967382636887124,-0.1899574930272281,-0.8980617467457771,Basidiomycota,Fungi,Eukaryota,Microbotryomycetes,basidiomycetes,Fungi,eukaryotes,Microbotryomycetes
Monoblepharidomycetes,0.9817052642563016,-0.1904043906848822,-0.0009706386473606,Chytridiomycota,Fungi,Eukaryota,Monoblepharidomycetes,Chytridiomycota,Fungi,eukaryotes,Monoblepharidomycetes
Monogenea,0.1257934246295069,-0.7945368001799998,0.5940431697105082,Platyhelminthes,Metazoa,Eukaryota,Monogenea,flatworms,multicellular animals,eukaryotes,Monogenea
Monoplacophora,0.1450708432500549,-0.9479494926195974,0.2834540701435877,Mollusca,Metazoa,Eukaryota,Monoplacophora,molluscs,multicellular animals,eukaryotes,Monoplacophora
Mucoromycetes,0.10947703980366,0.0527051840192851,-0.9925910242054988,Mucoromycota,Fungi,Eukaryota,Mucoromycetes,Mucoromycota,Fungi,eukaryotes,Mucoromycetes
Mystacocarida,0.5396666957746895,-0.7380986018249144,-0.40493247764996,Arthropoda,Metazoa,Eukaryota,Mystacocarida,arthropods,multicellular animals,eukaryotes,mustache shrimps
Myxini,-0.4037427417423688,-0.6314000014113191,-0.662061807317218,Chordata,Metazoa,Eukaryota,Myxini,chordates,multicellular animals,eukaryotes,fishes
Myxozoa,0.7365799956289834,-0.6006236084524399,0.3109681511164399,Cnidaria,Metazoa,Eukaryota,Myxozoa,coelenterates,multicellular animals,eukaryotes,Myxozoa
Neocallimastigomycetes,0.9946253260233098,0.0696610244001515,0.0766015829637101,Chytridiomycota,Fungi,Eukaryota,Neocallimastigomycetes,Chytridiomycota,Fungi,eukaryotes,Neocallimastigomycetes
Neolectomycetes,0.7455869275054111,0.3395020864270444,-0.5734443886243239,Ascomycota,Fungi,Eukaryota,Neolectomycetes,ascomycetes,Fungi,eukaryotes,Neolectomycetes
Oedipodiopsida,-0.7949533404993206,0.5565935708590085,-0.241356133767901,Streptophyta,Viridiplantae,Eukaryota,Oedipodiopsida,Streptophyta,green plants,eukaryotes,Oedipodiopsida
Oligohymenophorea,0.2204979083767016,0.8902769463067481,0.3984816573899371,Ciliophora,,Eukaryota,Oligohymenophorea,ciliates,,eukaryotes,Oligohymenophorea
Ophiuroidea,-0.384760665364231,-0.8514151739178976,-0.3564427471710295,Echinodermata,Metazoa,Eukaryota,Ophiuroidea,echinoderms,multicellular animals,eukaryotes,brittle stars
Orbiliomycetes,0.7264510480212899,0.0607433368617145,-0.6845283937541773,Ascomycota,Fungi,Eukaryota,Orbiliomycetes,ascomycetes,Fungi,eukaryotes,Orbiliomycetes
Ostracoda,0.439386754480583,-0.7675889176395316,-0.4666331894582641,Arthropoda,Metazoa,Eukaryota,Ostracoda,arthropods,multicellular animals,eukaryotes,mussel shrimps
Palmophyllophyceae,-0.3267781982477263,0.9366842936472952,-0.1258512740675967,Chlorophyta,Viridiplantae,Eukaryota,Palmophyllophyceae,green algae,green plants,eukaryotes,Palmophyllophyceae
Pauropoda,0.4138702773493522,-0.709007269248232,-0.5709816859409199,Arthropoda,Metazoa,Eukaryota,Pauropoda,arthropods,multicellular animals,eukaryotes,pauropods
Pelagophyceae,-0.399399171711248,0.1333531879960141,0.9070265866487424,,,Eukaryota,Pelagophyceae,,,eukaryotes,pelagophytes
Pezizomycetes,0.775494512291716,-0.1395047106649471,-0.6157488912760809,Ascomycota,Fungi,Eukaryota,Pezizomycetes,ascomycetes,Fungi,eukaryotes,Pezizomycetes
Phaeophyceae,-0.5113697350647887,0.5295545046114981,0.6768109194638032,,,Eukaryota,Phaeophyceae,,,eukaryotes,brown algae
Phaeothamniophyceae,-0.3924623454704817,0.6925324656452543,0.6052867844378506,,,Eukaryota,Phaeothamniophyceae,,,eukaryotes,Phaeothamniophyceae
Phyllopharyngea,0.168825750708566,0.9399772378591766,0.2965479020399945,Ciliophora,,Eukaryota,Phyllopharyngea,ciliates,,eukaryotes,Phyllopharyngea
Physodermatomycetes,0.943088385223338,0.3015734520370176,0.1401347590118652,Blastocladiomycota,Fungi,Eukaryota,Physodermatomycetes,Blastocladiomycota,Fungi,eukaryotes,Physodermatomycetes
Phytomyxea,-0.1673728008715983,0.9371410162872902,0.3061912165958083,Endomyxa,,Eukaryota,Phytomyxea,Endomyxa,,eukaryotes,Phytomyxea
Pilidiophora,-0.385827257331863,-0.9033766049010952,0.187211210180221,Nemertea,Metazoa,Eukaryota,Pilidiophora,ribbon worms,multicellular animals,eukaryotes,Pilidiophora
Pinguiophyceae,-0.5090165865038152,0.0083064779526277,0.8607166299590281,,,Eukaryota,Pinguiophyceae,,,eukaryotes,Pinguiophyceae
Pinopsida,-0.7580329125210363,0.4401858703091567,-0.4812717559913997,Streptophyta,Viridiplantae,Eukaryota,Pinopsida,Streptophyta,green plants,eukaryotes,Pinopsida
Pneumocystidomycetes,0.7275968853167966,0.6322129507695159,-0.266288485212181,Ascomycota,Fungi,Eukaryota,Pneumocystidomycetes,ascomycetes,Fungi,eukaryotes,Pneumocystidomycetes
Polychaeta,-0.239145157289447,-0.8637576580306303,0.4435451520853839,Annelida,Metazoa,Eukaryota,Polychaeta,annelid worms,multicellular animals,eukaryotes,polychaetes
Polycystinea,-0.052745098849087,0.936740675173474,0.3460272561850354,,,Eukaryota,Polycystinea,,,eukaryotes,Polycystinea
Polyplacophora,0.1184982439050788,-0.9441545137777908,0.3074579976264009,Mollusca,Metazoa,Eukaryota,Polyplacophora,molluscs,multicellular animals,eukaryotes,chitons
Polypodiopsida,-0.6456995150955231,0.6628009943289472,-0.3791661616256982,Streptophyta,Viridiplantae,Eukaryota,Polypodiopsida,Streptophyta,green plants,eukaryotes,Polypodiopsida
Polytrichopsida,-0.8339339990996946,0.5410744524624875,-0.1085933793470388,Streptophyta,Viridiplantae,Eukaryota,Polytrichopsida,Streptophyta,green plants,eukaryotes,hair mosses
Priapulimorpha,0.2205677489089446,-0.6310149624245799,-0.7437539817288691,Priapulida,Metazoa,Eukaryota,Priapulimorpha,penis worms,multicellular animals,eukaryotes,Priapulimorpha
Protura,0.6200953214762287,-0.7702502406101723,-0.1489844257741873,Arthropoda,Metazoa,Eukaryota,Protura,arthropods,multicellular animals,eukaryotes,coneheads
Pucciniomycetes,0.45439261952426,-0.2964607902602833,-0.8400228253804354,Basidiomycota,Fungi,Eukaryota,Pucciniomycetes,basidiomycetes,Fungi,eukaryotes,Pucciniomycetes
Pycnogonida,0.203137428029513,-0.9147968762319808,-0.3491158268680528,Arthropoda,Metazoa,Eukaryota,Pycnogonida,arthropods,multicellular animals,eukaryotes,sea spiders
Raphidophyceae,-0.6072795355785514,0.1751478613380158,0.7749417993218704,,,Eukaryota,Raphidophyceae,,,eukaryotes,raphidophytes
Remipedia,0.3411864706913012,-0.9297060449515347,-0.1387027836699343,Arthropoda,Metazoa,Eukaryota,Remipedia,arthropods,multicellular animals,eukaryotes,Remipedia
Rhabditophora,0.413347730838491,-0.834307169492011,0.3647947372768682,Platyhelminthes,Metazoa,Eukaryota,Rhabditophora,flatworms,multicellular animals,eukaryotes,Rhabditophora
Rhodellophyceae,0.0294983862865545,0.9992869096015636,0.0235694188610015,Rhodophyta,,Eukaryota,Rhodellophyceae,red algae,,eukaryotes,Rhodellophyceae
Rhynchonellata,-0.5285719745538,-0.8373365054857387,0.139568063314028,Brachiopoda,Metazoa,Eukaryota,Rhynchonellata,brachiopods,multicellular animals,eukaryotes,Rhynchonellata
Saccharomycetes,0.6742760834403337,0.5146414289418414,-0.5296186957775033,Ascomycota,Fungi,Eukaryota,Saccharomycetes,ascomycetes,Fungi,eukaryotes,Saccharomycetes
Sagittoidea,-0.0355189962540438,-0.9366609456075152,-0.3484317348904093,Chaetognatha,Metazoa,Eukaryota,Sagittoidea,arrow worms,multicellular animals,eukaryotes,Sagittoidea
Scaphopoda,0.3135755267166824,-0.934208783486966,0.1700715669950687,Mollusca,Metazoa,Eukaryota,Scaphopoda,molluscs,multicellular animals,eukaryotes,tusk shells
Schizosaccharomycetes,0.6432184794694527,0.6252610721972222,-0.4419486160899086,Ascomycota,Fungi,Eukaryota,Schizosaccharomycetes,ascomycetes,Fungi,eukaryotes,Schizosaccharomycetes
Scyphozoa,-0.6990317348666284,-0.7135310774018169,0.0472020680813267,Cnidaria,Metazoa,Eukaryota,Scyphozoa,coelenterates,multicellular animals,eukaryotes,jellyfishes
Solenogastres,0.0152349422203379,-0.919228554931275,0.3934294858478491,Mollusca,Metazoa,Eukaryota,Solenogastres,molluscs,multicellular animals,eukaryotes,solenogasters
Sordariomycetes,0.8307979361530881,0.2597193506557144,-0.4922607522225833,Ascomycota,Fungi,Eukaryota,Sordariomycetes,ascomycetes,Fungi,eukaryotes,Sordariomycetes
Sphagnopsida,-0.90476280713544,0.2906680717056342,-0.311313884873976,Streptophyta,Viridiplantae,Eukaryota,Sphagnopsida,Streptophyta,green plants,eukaryotes,Sphagnopsida
Spirotrichea,0.2186862729839818,0.8521197473189077,0.4754663502683825,Ciliophora,,Eukaryota,Spirotrichea,ciliates,,eukaryotes,Spirotrichea
Stylonematophyceae,0.0520008622453603,0.9966106058167328,-0.0637433188604401,Rhodophyta,,Eukaryota,Stylonematophyceae,red algae,,eukaryotes,Stylonematophyceae
Symphyla,0.3819875177474456,-0.7123982118358558,-0.5887056344712696,Arthropoda,Metazoa,Eukaryota,Symphyla,arthropods,multicellular animals,eukaryotes,symphylans
Synchromophyceae,-0.2850988217882461,0.7605405237429561,0.5833496152049333,,,Eukaryota,Synchromophyceae,,,eukaryotes,Synchromophyceae
Synurophyceae,-0.6035447961548003,-0.0164449182118945,0.7971594844819101,,,Eukaryota,Synurophyceae,,,eukaryotes,Synurophyceae
Synurophyceae,-0.5322478587086312,-0.0745023332387593,0.8433039898174666,,,Eukaryota,Synurophyceae,,,eukaryotes,Synurophyceae
Takakiopsida,-0.8599618517308809,0.3493519498006855,-0.3720468098748511,Streptophyta,Viridiplantae,Eukaryota,Takakiopsida,Streptophyta,green plants,eukaryotes,Takakiopsida
Taphrinomycetes,0.6742835418144765,0.6390591911645015,-0.3700608807024842,Ascomycota,Fungi,Eukaryota,Taphrinomycetes,ascomycetes,Fungi,eukaryotes,Taphrinomycetes
Tentaculata,-0.0008896185165365,-0.5849952233375865,-0.8110362490364424,Ctenophora,Metazoa,Eukaryota,Tentaculata,comb jellies,multicellular animals,eukaryotes,Tentaculata
Tetraphidopsida,-0.7369233856921924,0.656710556788111,-0.1602347285172775,Streptophyta,Viridiplantae,Eukaryota,Tetraphidopsida,Streptophyta,green plants,eukaryotes,Tetraphidopsida
Thaliacea,-0.1657085911047242,-0.7987455500093131,-0.5783996967274508,Chordata,Metazoa,Eukaryota,Thaliacea,chordates,multicellular animals,eukaryotes,Thaliacea
Thecofilosea,-0.3066717533675676,0.9101648277072204,0.2784823550804391,Cercozoa,,Eukaryota,Thecofilosea,Cercozoa,,eukaryotes,Thecofilosea
Thecostraca,0.6941372163162108,-0.719832674408614,0.0038007602560865,Arthropoda,Metazoa,Eukaryota,Thecostraca,arthropods,multicellular animals,eukaryotes,Thecostraca
Trebouxiophyceae,-0.4628446111850016,0.8834870468093707,0.0722876477488476,Chlorophyta,Viridiplantae,Eukaryota,Trebouxiophyceae,green algae,green plants,eukaryotes,Trebouxiophyceae
Trematoda,0.3564153456105509,-0.7823298503625363,0.5108112240789576,Platyhelminthes,Metazoa,Eukaryota,Trematoda,flatworms,multicellular animals,eukaryotes,Trematoda
Tremellomycetes,0.5441504624720668,0.0854238246986131,-0.8346274883834682,Basidiomycota,Fungi,Eukaryota,Tremellomycetes,basidiomycetes,Fungi,eukaryotes,Tremellomycetes
Udeonychophora,0.1537613353211406,-0.8605846275968568,-0.4855425321269384,Onychophora,Metazoa,Eukaryota,Udeonychophora,velvet worms,multicellular animals,eukaryotes,Udeonychophora
Ulvophyceae,-0.3112778405966777,0.9263996864723654,-0.2118719586386372,Chlorophyta,Viridiplantae,Eukaryota,Ulvophyceae,green algae,green plants,eukaryotes,Ulvophyceae
Umbelopsidomycetes,0.1462651203771777,0.0731374091210873,-0.9865381056746386,Mucoromycota,Fungi,Eukaryota,Umbelopsidomycetes,Mucoromycota,Fungi,eukaryotes,Umbelopsidomycetes
Ustilaginomycetes,0.4333754651184454,0.5218482844884675,-0.7347517092255142,Basidiomycota,Fungi,Eukaryota,Ustilaginomycetes,basidiomycetes,Fungi,eukaryotes,Ustilaginomycetes
Wallemiomycetes,0.4504472285274284,0.0950800317826547,-0.8877257920485176,Basidiomycota,Fungi,Eukaryota,Wallemiomycetes,basidiomycetes,Fungi,eukaryotes,Wallemiomycetes
Xanthophyceae,-0.5449754911990342,0.3273567275952451,0.7719062682026256,,,Eukaryota,Xanthophyceae,,,eukaryotes,yellow-green algae
Xylonomycetes,0.8767347517946483,0.2266747560516415,-0.4242107141085728,Ascomycota,Fungi,Eukaryota,Xylonomycetes,ascomycetes,Fungi,eukaryotes,Xylonomycetes
Zygnemophyceae,-0.615096277335517,0.7883034515642529,0.0153048312592624,Streptophyta,Viridiplantae,Eukaryota,Zygnemophyceae,Streptophyta,green plants,eukaryotes,gamophytes
