,x,y,z,phylum,kingdom,superkingdom,class,phylum_eng,kingdom_eng,superkingdom_eng,class_eng
Aconoidasida,24305.119000887145,19933.06752443753,27612.42445733602,Apicomplexa,,Eukaryota,Aconoidasida,apicomplexans,,eukaryotes,Aconoidasida
Actinopteri,-1895.304718308152,-30744.14002234379,-22372.702096756813,Chordata,Metazoa,Eukaryota,Actinopteri,chordates,multicellular animals,eukaryotes,Actinopteri
Agaricomycetes,25085.86792381765,3927.543288250749,-32378.68125592529,Basidiomycota,Fungi,Eukaryota,Agaricomycetes,basidiomycetes,Fungi,eukaryotes,Agaricomycetes
Agaricostilbomycetes,29251.37974881108,-1396.3862381629406,-31827.13752572626,Basidiomycota,Fungi,Eukaryota,Agaricostilbomycetes,basidiomycetes,Fungi,eukaryotes,Agaricostilbomycetes
Amphibia|amphibians,944.1683025224638,-32631.01906253488,-22919.294287849487,Chordata,Metazoa,Eukaryota,Amphibia,chordates,multicellular animals,eukaryotes,amphibians
Andreaeobryopsida,-32075.04771434821,13296.234467799017,-16435.48966968443,Streptophyta,Viridiplantae,Eukaryota,Andreaeobryopsida,Streptophyta,green plants,eukaryotes,Andreaeobryopsida
Andreaeopsida,-31329.21011615966,15637.652375010952,-14205.573920210054,Streptophyta,Viridiplantae,Eukaryota,Andreaeopsida,Streptophyta,green plants,eukaryotes,Andreaeopsida
Anthocerotopsida,-28087.815856347428,19483.183594622114,-15936.895662918916,Streptophyta,Viridiplantae,Eukaryota,Anthocerotopsida,Streptophyta,green plants,eukaryotes,Anthocerotopsida
Anthozoa-1|anthozoans,19506.408839885225,-35477.05806723539,6589.89436513554,Cnidaria,Metazoa,Eukaryota,Anthozoa,coelenterates,multicellular animals,eukaryotes,anthozoans
Anthozoa-2|anthozoans,18459.796706776644,-33724.66804001437,7818.790227707195,Cnidaria,Metazoa,Eukaryota,Anthozoa,coelenterates,multicellular animals,eukaryotes,anthozoans
Appendicularia|appendicularians,3943.2915323442967,-35807.203561115704,-19901.93569162544,Chordata,Metazoa,Eukaryota,Appendicularia,chordates,multicellular animals,eukaryotes,appendicularians
Arachnida|arachnids,12534.961675535576,-33619.21272320779,-13023.401338021122,Arthropoda,Metazoa,Eukaryota,Arachnida,arthropods,multicellular animals,eukaryotes,arachnids
Armophorea,19861.049805631057,25939.48150574342,23869.0863022055,Ciliophora,,Eukaryota,Armophorea,ciliates,,eukaryotes,Armophorea
Arthoniomycetes,35761.18458921234,1885.4397701110029,-22567.50081480752,Ascomycota,Fungi,Eukaryota,Arthoniomycetes,ascomycetes,Fungi,eukaryotes,Arthoniomycetes
Ascidiacea-1|sea squirts,1697.8846506616628,-36595.98855312936,-17707.316123550532,Chordata,Metazoa,Eukaryota,Ascidiacea,chordates,multicellular animals,eukaryotes,sea squirts
Ascidiacea-2|sea squirts,1061.7697876614689,-36000.09879262435,-18939.55438473093,Chordata,Metazoa,Eukaryota,Ascidiacea,chordates,multicellular animals,eukaryotes,sea squirts
Asteroidea|starfishes,-3442.641164680895,-36659.328460506615,-14575.689113381675,Echinodermata,Metazoa,Eukaryota,Asteroidea,echinoderms,multicellular animals,eukaryotes,starfishes
Atractiellomycetes,27047.267323093263,-719.635641945777,-33216.07208646802,Basidiomycota,Fungi,Eukaryota,Atractiellomycetes,basidiomycetes,Fungi,eukaryotes,Atractiellomycetes
Aurearenophyceae,-8095.088389529544,12393.381592774344,32076.63564512848,,,Eukaryota,Aurearenophyceae,,,eukaryotes,Aurearenophyceae
Aves|birds,630.9106670650108,-30679.80519831452,-21640.223516174123,Chordata,Metazoa,Eukaryota,Aves,chordates,multicellular animals,eukaryotes,birds
Bacillariophyceae|pennate diatoms,-1291.9733025555397,9476.502764816045,35506.2345438847,Bacillariophyta,,Eukaryota,Bacillariophyceae,diatoms,,eukaryotes,"Raphid, pennate diatoms"
Bangiophyceae-1,-2308.3311930893688,39621.70954156901,-6035.247393700964,Rhodophyta,,Eukaryota,Bangiophyceae,red algae,,eukaryotes,Bangiophyceae
Bangiophyceae-2,18068.704172489928,38944.354234419065,-39.95725336817486,Rhodophyta,,Eukaryota,Bangiophyceae,red algae,,eukaryotes,Bangiophyceae
Bangiophyceae-3,12332.607813748871,40025.50327242426,-3597.408112697401,Rhodophyta,,Eukaryota,Bangiophyceae,red algae,,eukaryotes,Bangiophyceae
Bangiophyceae-4,4625.275998390502,40299.38826364082,-4720.058617455441,Rhodophyta,,Eukaryota,Bangiophyceae,red algae,,eukaryotes,Bangiophyceae
Bartheletiomycetes,27495.66138278092,4923.84851291047,-30226.09198885576,Basidiomycota,Fungi,Eukaryota,Bartheletiomycetes,basidiomycetes,Fungi,eukaryotes,Bartheletiomycetes
Basidiobolomycetes,41019.43126836466,-3896.327900826898,-15990.653991887031,Zoopagomycota,Fungi,Eukaryota,Basidiobolomycetes,Zoopagomycota,Fungi,eukaryotes,Basidiobolomycetes
Bigyra-1,-12159.623181889763,18908.89082497944,26100.52868206545,,,Eukaryota,Bigyra,,,eukaryotes,Bigyra
Bigyra-2,-15706.109409917552,12138.00116929904,28777.915753699315,,,Eukaryota,Bigyra,,,eukaryotes,Bigyra
Bivalvia|bivalves,4601.915707591878,-40174.207784873855,-356.34570121835714,Mollusca,Metazoa,Eukaryota,Bivalvia,molluscs,multicellular animals,eukaryotes,bivalves
Blastocladiomycetes,13648.723598608269,445.472309125842,-39057.2992932184,Blastocladiomycota,Fungi,Eukaryota,Blastocladiomycetes,Blastocladiomycota,Fungi,eukaryotes,Blastocladiomycetes
Bolidophyceae,-4502.222014419679,6581.511980410094,36070.99235350744,,,Eukaryota,Bolidophyceae,,,eukaryotes,Bolidophyceae
Branchiopoda,18498.912808350786,-32966.560123179326,-10958.373997743078,Arthropoda,Metazoa,Eukaryota,Branchiopoda,arthropods,multicellular animals,eukaryotes,Branchiopoda
Bryopsida,-32389.90776487825,13588.038950135586,-14802.43872212191,Streptophyta,Viridiplantae,Eukaryota,Bryopsida,Streptophyta,green plants,eukaryotes,Bryopsida
Calcarea,28035.211356554024,-30830.48859190013,1048.563504070058,Porifera,Metazoa,Eukaryota,Calcarea,sponges,multicellular animals,eukaryotes,Calcarea
Candelariomycetes,37667.90647246334,3148.530340810033,-17594.226607826997,Ascomycota,Fungi,Eukaryota,Candelariomycetes,ascomycetes,Fungi,eukaryotes,Candelariomycetes
Caudofoveata-1,8189.25709581356,-40082.06941972107,-196.0715548013468,Mollusca,Metazoa,Eukaryota,Caudofoveata,molluscs,multicellular animals,eukaryotes,Caudofoveata
Caudofoveata-2,6814.405803471909,-37780.55797768707,5336.552286319267,Mollusca,Metazoa,Eukaryota,Caudofoveata,molluscs,multicellular animals,eukaryotes,Caudofoveata
Cephalocarida|horseshoe shrimps,17636.11542612435,-37829.58255880154,-8576.709414536326,Arthropoda,Metazoa,Eukaryota,Cephalocarida,arthropods,multicellular animals,eukaryotes,horseshoe shrimps
Cephalopoda|cephalopods,6755.992207706537,-40343.19484049652,-3215.535138281972,Mollusca,Metazoa,Eukaryota,Cephalopoda,molluscs,multicellular animals,eukaryotes,cephalopods
Cestoda|tapeworms,12051.6554048949,-37601.725252956894,6069.070697347343,Platyhelminthes,Metazoa,Eukaryota,Cestoda,flatworms,multicellular animals,eukaryotes,tapeworms
Charophyceae,-28100.09929646869,23340.54335761121,-1958.6926700759325,Streptophyta,Viridiplantae,Eukaryota,Charophyceae,Streptophyta,green plants,eukaryotes,Charophyceae
Chilopoda|centipedes,23360.913841484085,-33136.17036406629,-7596.050175584251,Arthropoda,Metazoa,Eukaryota,Chilopoda,arthropods,multicellular animals,eukaryotes,centipede
Chlorarachniophyceae|chlorarachniophytes,6223.937372434993,30777.000456766404,19940.27545633528,Cercozoa,,Eukaryota,Chlorarachniophyceae,Cercozoa,,eukaryotes,chlorarachniophytes
Chlorokybophyceae,-35695.752950201204,11314.937899660134,484.2337952688722,Streptophyta,Viridiplantae,Eukaryota,Chlorokybophyceae,Streptophyta,green plants,eukaryotes,Chlorokybophyceae
Chlorophyceae,-19339.89716252349,30365.185501710275,-9764.26907958584,Chlorophyta,Viridiplantae,Eukaryota,Chlorophyceae,green algae,green plants,eukaryotes,Chlorophyceae
Choanoflagellata,-4646.9882193412095,-24059.240513460605,-32308.6951641542,,,Eukaryota,Choanoflagellata,,,eukaryotes,Choanoflagellata
Chondrichthyes|cartilaginous fishes,3943.619041698236,-32834.409919311096,-23069.208683797155,Chordata,Metazoa,Eukaryota,Chondrichthyes,chordates,multicellular animals,eukaryotes,fishes
Chromadorea,13154.45925345926,-36266.880510185016,-16722.74985273501,Nematoda,Metazoa,Eukaryota,Chromadorea,roundworms,multicellular animals,eukaryotes,Chromadorea
Chrysomerophyceae,-9046.28481384236,10469.434903997546,32759.37082537511,,,Eukaryota,Chrysomerophyceae,,,eukaryotes,Chrysomerophyceae
Chrysophyceae|golden algae,-8126.702541014446,6821.783955703151,34848.59461113358,,,Eukaryota,Chrysophyceae,,,eukaryotes,golden algae
Chytridiomycetes-1,15702.13415732986,-1699.4204437826302,-39186.59242334394,Chytridiomycota,Fungi,Eukaryota,Chytridiomycetes,Chytridiomycota,Fungi,eukaryotes,Chytridiomycetes
Chytridiomycetes-2,42222.13326550576,-1832.114664461722,-9365.017382125498,Chytridiomycota,Fungi,Eukaryota,Chytridiomycetes,Chytridiomycota,Fungi,eukaryotes,Chytridiomycetes
Chytridiomycetes-3,18162.152267813024,-2809.6928237472457,-38646.69127863072,Chytridiomycota,Fungi,Eukaryota,Chytridiomycetes,Chytridiomycota,Fungi,eukaryotes,Chytridiomycetes
Chytridiomycetes-4,42102.91586024061,-940.9657789522752,-7586.483139133297,Chytridiomycota,Fungi,Eukaryota,Chytridiomycetes,Chytridiomycota,Fungi,eukaryotes,Chytridiomycetes
Cladistia,3227.8498236181867,-30865.1848768876,-23110.817499546043,Chordata,Metazoa,Eukaryota,Cladistia,chordates,multicellular animals,eukaryotes,Cladistia
Clitellata,1206.6554285916063,-37208.27562148702,1192.9896859215332,Annelida,Metazoa,Eukaryota,Clitellata,annelid worms,multicellular animals,eukaryotes,Clitellata
Coleochaetophyceae,-35631.57153052833,7440.903587779041,-14305.562420247905,Streptophyta,Viridiplantae,Eukaryota,Coleochaetophyceae,Streptophyta,green plants,eukaryotes,Coleochaetophyceae
Collembola|springtails,17112.141600206338,-33877.533558413386,-6985.721463037207,Arthropoda,Metazoa,Eukaryota,Collembola,arthropods,multicellular animals,eukaryotes,springtails
Collemopsidiomycetes,37526.43015333787,-765.339854891823,-21241.57282911328,Ascomycota,Fungi,Eukaryota,Collemopsidiomycetes,ascomycetes,Fungi,eukaryotes,Collemopsidiomycetes
Compsopogonophyceae,7056.803295587522,40025.55264951437,-8942.809321210123,Rhodophyta,,Eukaryota,Compsopogonophyceae,red algae,,eukaryotes,Compsopogonophyceae
Coniocybomycetes,36538.51508357315,4694.943237348281,-18460.127348954826,Ascomycota,Fungi,Eukaryota,Coniocybomycetes,ascomycetes,Fungi,eukaryotes,Coniocybomycetes
Conoidasida-1,24682.595195596343,18271.95507214421,28782.81127024362,Apicomplexa,,Eukaryota,Conoidasida,apicomplexans,,eukaryotes,Conoidasida
Conoidasida-2,24695.45026831249,16538.009407864654,30097.26929974596,Apicomplexa,,Eukaryota,Conoidasida,apicomplexans,,eukaryotes,Conoidasida
Corycida,-38403.76389878639,-19426.45039721901,16750.44977788042,Tubulinea,,Eukaryota,Corycida,Tubulinea,,eukaryotes,Corycida
Coscinodiscophyceae-1|centric diatoms,-1843.1073507477995,12905.582775216306,33601.395284076905,Bacillariophyta,,Eukaryota,Coscinodiscophyceae,diatoms,,eukaryotes,centric diatoms
Coscinodiscophyceae-2|centric diatoms,-1966.697928187562,8134.968652160114,35983.81242402908,Bacillariophyta,,Eukaryota,Coscinodiscophyceae,diatoms,,eukaryotes,centric diatoms
Coscinodiscophyceae-3|centric diatoms,25.70730927630393,11131.120432151643,34912.902127253255,Bacillariophyta,,Eukaryota,Coscinodiscophyceae,diatoms,,eukaryotes,centric diatoms
Coscinodiscophyceae-4|centric diatoms,-2590.474828062711,9119.571662492835,35405.788120095545,Bacillariophyta,,Eukaryota,Coscinodiscophyceae,diatoms,,eukaryotes,centric diatoms
Coscinodiscophyceae-5|centric diatoms,-254.28980677898835,9566.94017770077,35643.96374104751,Bacillariophyta,,Eukaryota,Coscinodiscophyceae,diatoms,,eukaryotes,centric diatoms
Coscinodiscophyceae-6|centric diatoms,-167.21304064142805,10254.383296777803,35325.674525021255,Bacillariophyta,,Eukaryota,Coscinodiscophyceae,diatoms,,eukaryotes,centric diatoms
Coscinodiscophyceae-7|centric diatoms,-1373.7513109366373,11045.229652498603,34712.30674304087,Bacillariophyta,,Eukaryota,Coscinodiscophyceae,diatoms,,eukaryotes,centric diatoms
Coscinodiscophyceae-8|centric diatoms,-649.9609100989828,11364.453244904402,34677.75604997936,Bacillariophyta,,Eukaryota,Coscinodiscophyceae,diatoms,,eukaryotes,centric diatoms
Coscinodiscophyceae-9|centric diatoms,-2802.4735325928204,11838.994165675997,33986.15421544687,Bacillariophyta,,Eukaryota,Coscinodiscophyceae,diatoms,,eukaryotes,centric diatoms
Craniata,2149.891498140836,-38670.026357014365,2313.548504718143,Brachiopoda,Metazoa,Eukaryota,Craniata,brachiopods,multicellular animals,eukaryotes,Craniata
Crinoidea|crinoids,-5974.662730535706,-33104.87390924602,-17272.317006523357,Echinodermata,Metazoa,Eukaryota,Crinoidea,echinoderms,multicellular animals,eukaryotes,crinoids
Cryptophyceae|cryptomonads,-5915.013774601101,33258.91765110052,-25431.502073789023,,,Eukaryota,Cryptophyceae,,,eukaryotes,cryptomonads
Cubozoa|box jellyfishes,16901.693823510745,-34955.40981115331,8591.674177292265,Cnidaria,Metazoa,Eukaryota,Cubozoa,coelenterates,multicellular animals,eukaryotes,box jellyfishes
Cycadopsida|cycads,-29123.52191036105,14935.501833913097,-21417.89460513632,Streptophyta,Viridiplantae,Eukaryota,Cycadopsida,Streptophyta,green plants,eukaryotes,cycads
Dacrymycetes,28822.216210025275,1843.160518873341,-30847.746769554386,Basidiomycota,Fungi,Eukaryota,Dacrymycetes,basidiomycetes,Fungi,eukaryotes,Dacrymycetes
Demospongiae,26736.35217763933,-31001.34747428352,4368.220242417829,Porifera,Metazoa,Eukaryota,Demospongiae,sponges,multicellular animals,eukaryotes,Demospongiae
Dictyochophyceae|silicoflagellates,3844.349629338334,4903.708821992626,38255.60717159257,,,Eukaryota,Dictyochophyceae,,,eukaryotes,silicoflagellates
Dinophyceae|dinophytes,24368.51026443245,12146.517918551132,33067.25385061368,,,Eukaryota,Dinophyceae,,,eukaryotes,dinophytes
Diplopoda|millipedes,15845.192811256122,-33638.16772413338,-16950.636948914354,Arthropoda,Metazoa,Eukaryota,Diplopoda,arthropods,multicellular animals,eukaryotes,millipede
Dothideomycetes,36681.161625649256,100.4591182131444,-22223.83429289061,Ascomycota,Fungi,Eukaryota,Dothideomycetes,ascomycetes,Fungi,eukaryotes,Dothideomycetes
Echinamoebida,-43220.18433714123,-18460.16560233671,-653.1607994606202,Tubulinea,,Eukaryota,Echinamoebida,Tubulinea,,eukaryotes,Echinamoebida
Echinoidea|sea urchins,-5683.491252123012,-34859.25413233657,-14971.16327837136,Echinodermata,Metazoa,Eukaryota,Echinoidea,echinoderms,multicellular animals,eukaryotes,sea urchin
Elardia-1,-35425.46339404416,-21791.45987784109,21313.94888759304,Tubulinea,,Eukaryota,Elardia,Tubulinea,,eukaryotes,Elardia
Elardia-2,-40687.56255143833,-19113.269078207813,10957.48529154584,Tubulinea,,Eukaryota,Elardia,Tubulinea,,eukaryotes,Elardia
Elardia-3,-40000.80109497527,-19071.891882250995,13007.732294624497,Tubulinea,,Eukaryota,Elardia,Tubulinea,,eukaryotes,Elardia
Elardia-4,-39150.77725563308,-20047.056234950047,14624.3892054214,Tubulinea,,Eukaryota,Elardia,Tubulinea,,eukaryotes,Elardia
Elardia-5,-38466.49923967181,-20639.191852348395,15905.5650654993,Tubulinea,,Eukaryota,Elardia,Tubulinea,,eukaryotes,Elardia
Elardia-6,-38937.34894404709,-19116.46954484465,15695.22177521322,Tubulinea,,Eukaryota,Elardia,Tubulinea,,eukaryotes,Elardia
Elardia-7,-37745.99612113305,-20700.965240116675,17465.776617136056,Tubulinea,,Eukaryota,Elardia,Tubulinea,,eukaryotes,Elardia
Elardia-8,-37063.556970928905,-20702.2117579362,18863.083721628944,Tubulinea,,Eukaryota,Elardia,Tubulinea,,eukaryotes,Elardia
Endogonomycetes,19846.14507144531,5539.6447218603535,-34440.44936097073,Mucoromycota,Fungi,Eukaryota,Endogonomycetes,Mucoromycota,Fungi,eukaryotes,Endogonomycetes
Enopla,1319.1051097734933,-39919.42849055524,-3424.3797126141108,Nemertea,Metazoa,Eukaryota,Enopla,ribbon worms,multicellular animals,eukaryotes,Enopla
Enoplea,23147.10408270116,-33511.57836596866,-2940.7761183378243,Nematoda,Metazoa,Eukaryota,Enoplea,roundworms,multicellular animals,eukaryotes,Enoplea
Enteropneusta|acorn worms,-3924.17250507502,-32113.22598471497,-14969.650444713216,Hemichordata,Metazoa,Eukaryota,Enteropneusta,hemichordates,multicellular animals,eukaryotes,acorn worms
Entomophthoromycetes,22665.492944303664,-2277.427822372,-36589.52013827469,Zoopagomycota,Fungi,Eukaryota,Entomophthoromycetes,Zoopagomycota,Fungi,eukaryotes,Entomophthoromycetes
Entoprocta|goblet worms,1302.4344986368824,-34903.34260170066,-6107.038545663461,Entoprocta,Animalia,Eukaryota,Entoprocta,nodding heads,Animalia,eukaryotes,nodding heads
Euglenida|euglenophytes,33016.97141794683,-10527.699811808325,39186.59242334394,Euglenozoa,,Eukaryota,Euglenida,Euglenozoa,,eukaryotes,euglenophytes
Eumycetozoa,43220.18433714123,3214.0018595485053,28778.21435912865,Evosea,,Eukaryota,Eumycetozoa,Evosea,,eukaryotes,Eumycetozoa
Eurotatoria,-902.0206274988868,-39113.67567101749,-7918.473320037825,Rotifera,Metazoa,Eukaryota,Eurotatoria,rotifers,multicellular animals,eukaryotes,Eurotatoria
Eurotiomycetes,37246.47241206466,1172.5261542803928,-20456.43763631857,Ascomycota,Fungi,Eukaryota,Eurotiomycetes,ascomycetes,Fungi,eukaryotes,Eurotiomycetes
Eustigmatophyceae|eustigmatophytes,-4286.310630388804,15266.37743900833,31586.27399801705,,,Eukaryota,Eustigmatophyceae,,,eukaryotes,eustigmatophytes
Eutardigrada,20072.381237966703,-36086.89028208039,1134.4832204556296,Tardigrada,Metazoa,Eukaryota,Eutardigrada,tardigrades,multicellular animals,eukaryotes,Eutardigrada
Exobasidiomycetes,26478.650092591823,7224.784263329693,-29325.383602275928,Basidiomycota,Fungi,Eukaryota,Exobasidiomycetes,basidiomycetes,Fungi,eukaryotes,Exobasidiomycetes
Filasterea,34413.171361902125,-24628.94702901396,12261.926475263695,,,Eukaryota,Filasterea,,,eukaryotes,Filasterea
Florideophyceae,1681.2506860764488,39200.19441375804,-12998.013537001454,Rhodophyta,,Eukaryota,Florideophyceae,red algae,,eukaryotes,Florideophyceae
Fragilariophyceae-1|pennate diatoms,-930.704529729538,10122.498476637064,35262.03706471785,Bacillariophyta,,Eukaryota,Fragilariophyceae,diatoms,,eukaryotes,"Araphid, pennate diatoms"
Fragilariophyceae-2|pennate diatoms,-2019.58289602026,10074.29718788528,35072.36272514666,Bacillariophyta,,Eukaryota,Fragilariophyceae,diatoms,,eukaryotes,"Araphid, pennate diatoms"
Fragilariophyceae-3|pennate diatoms,-1862.1115038761627,10195.554206820703,35045.48422052163,Bacillariophyta,,Eukaryota,Fragilariophyceae,diatoms,,eukaryotes,"Araphid, pennate diatoms"
Gastropoda|gastropods,5501.808372763184,-35809.27429681983,-874.4481809708559,Mollusca,Metazoa,Eukaryota,Gastropoda,molluscs,multicellular animals,eukaryotes,gastropods
Geoglossomycetes,35663.273141246405,4873.414104972242,-20127.70244898552,Ascomycota,Fungi,Eukaryota,Geoglossomycetes,ascomycetes,Fungi,eukaryotes,Geoglossomycetes
Ginkgoopsida,-29910.11279881809,13280.81961806244,-21944.6219376182,Streptophyta,Viridiplantae,Eukaryota,Ginkgoopsida,Streptophyta,green plants,eukaryotes,Ginkgoopsida
Glaucocystophyceae|glaucocystophytes,-734.4740558690673,36988.8174301925,-20542.522181381508,,,Eukaryota,Glaucocystophyceae,,,eukaryotes,glaucocystophytes
Glomeromycetes,33135.36192086518,-4329.933842892478,-29381.471569321053,Mucoromycota,Fungi,Eukaryota,Glomeromycetes,Mucoromycota,Fungi,eukaryotes,Glomeromycetes
Gnetopsida,-28371.789403538143,14958.812258085676,-22874.25088815009,Streptophyta,Viridiplantae,Eukaryota,Gnetopsida,Streptophyta,green plants,eukaryotes,Gnetopsida
Gymnolaemata,3426.5939517806823,-40352.43002291765,-7513.834767126209,Bryozoa,Metazoa,Eukaryota,Gymnolaemata,bryozoans,multicellular animals,eukaryotes,Gymnolaemata
Haplomitriopsida,-25688.30933025572,20067.89120406001,-20470.36495123495,Streptophyta,Viridiplantae,Eukaryota,Haplomitriopsida,Streptophyta,green plants,eukaryotes,Haplomitriopsida
Heterotardigrada,11794.35779433293,-34471.27589194228,-20520.357034322253,Tardigrada,Metazoa,Eukaryota,Heterotardigrada,tardigrades,multicellular animals,eukaryotes,Heterotardigrada
Heterotrichea,23582.62828582072,24353.07894899733,23532.302911723986,Ciliophora,,Eukaryota,Heterotrichea,ciliates,,eukaryotes,Heterotrichea
Hexactinellida,24673.3599020738,-31634.378461527274,7327.290071902411,Porifera,Metazoa,Eukaryota,Hexactinellida,sponges,multicellular animals,eukaryotes,Hexactinellida
Hexanauplia,21999.632518709743,-33816.43389919399,-9992.072577912231,Arthropoda,Metazoa,Eukaryota,Hexanauplia,arthropods,multicellular animals,eukaryotes,Hexanauplia
Holothuroidea|sea cucumbers,-5691.189425221838,-34389.022035411435,-13190.501656175846,Echinodermata,Metazoa,Eukaryota,Holothuroidea,echinoderms,multicellular animals,eukaryotes,sea cucumbers
Homoscleromorpha,6940.352342881447,-29012.94137384884,-28230.49789014708,Porifera,Metazoa,Eukaryota,Homoscleromorpha,sponges,multicellular animals,eukaryotes,Homoscleromorpha
Hydrozoa|hydrozoans,20346.296692318487,-33292.43119549794,6100.89476518624,Cnidaria,Metazoa,Eukaryota,Hydrozoa,coelenterates,multicellular animals,eukaryotes,hydrozoans
Hyperoartia|lampreys,-3923.4001893232135,-32828.72191212571,-20448.94790566759,Chordata,Metazoa,Eukaryota,Hyperoartia,chordates,multicellular animals,eukaryotes,fishes
Ichthyosporea,36321.29763808063,-23649.99861225872,9483.891831871975,,,Eukaryota,Ichthyosporea,,,eukaryotes,Ichthyosporea
Ichthyostraca,15478.662998142228,-37667.88689291364,-11594.71610713667,Arthropoda,Metazoa,Eukaryota,Ichthyostraca,arthropods,multicellular animals,eukaryotes,Ichthyostraca
Imbricatea,-5737.375348194403,30680.54120373544,16962.96711514923,Cercozoa,,Eukaryota,Imbricatea,Cercozoa,,eukaryotes,Imbricatea
Insecta|true insects,18282.86222295288,-37383.470217137714,-5466.692087671327,Arthropoda,Metazoa,Eukaryota,Insecta,arthropods,multicellular animals,eukaryotes,true insects
Jungermanniopsida,-25611.49402357904,19197.623644004987,-22056.154765028023,Streptophyta,Viridiplantae,Eukaryota,Jungermanniopsida,Streptophyta,green plants,eukaryotes,Jungermanniopsida
Kickxellomycetes,16984.836243445672,1869.833374836849,-37466.24821486849,Zoopagomycota,Fungi,Eukaryota,Kickxellomycetes,Zoopagomycota,Fungi,eukaryotes,Kickxellomycetes
Kinetoplastea|kinetoplasts,38750.36637029673,-4272.562434201784,34764.5852673559,Euglenozoa,,Eukaryota,Kinetoplastea,Euglenozoa,,eukaryotes,kinetoplasts
Klebsormidiophyceae,-31813.885758189645,18456.230153764733,-161.7091240437221,Streptophyta,Viridiplantae,Eukaryota,Klebsormidiophyceae,Streptophyta,green plants,eukaryotes,Klebsormidiophyceae
Lecanoromycetes,37990.130731213954,281.1230351063168,-19572.0232945486,Ascomycota,Fungi,Eukaryota,Lecanoromycetes,ascomycetes,Fungi,eukaryotes,Lecanoromycetes
Leiosporocerotopsida,-27944.110398742,19107.95806621109,-17166.911483794487,Streptophyta,Viridiplantae,Eukaryota,Leiosporocerotopsida,Streptophyta,green plants,eukaryotes,Leiosporocerotopsida
Leotiomycetes,38000.120420068015,1628.2177148753872,-18381.297463827366,Ascomycota,Fungi,Eukaryota,Leotiomycetes,ascomycetes,Fungi,eukaryotes,Leotiomycetes
Lepidosauria|lepidosaurs,780.2377523735881,-30685.46987666692,-23230.07766893287,Chordata,Metazoa,Eukaryota,Lepidosauria,chordates,multicellular animals,eukaryotes,lepidosaurs
Leptocardii,6878.601767039789,-32602.862839531816,-23166.658473028227,Chordata,Metazoa,Eukaryota,Leptocardii,chordates,multicellular animals,eukaryotes,Leptocardii
Lichinomycetes,37059.88639647744,4276.468192001212,-17739.492359883912,Ascomycota,Fungi,Eukaryota,Lichinomycetes,ascomycetes,Fungi,eukaryotes,Lichinomycetes
Lingulata,-2334.8723391874646,-38139.0749541373,-4795.820116589719,Brachiopoda,Metazoa,Eukaryota,Lingulata,brachiopods,multicellular animals,eukaryotes,Lingulata
Litostomatea,21510.594192520115,27835.92012628775,20215.61447726657,Ciliophora,,Eukaryota,Litostomatea,ciliates,,eukaryotes,Litostomatea
Lycopodiopsida|club mosses,-27848.27242694225,17535.047404905552,-20271.60910391228,Streptophyta,Viridiplantae,Eukaryota,Lycopodiopsida,Streptophyta,green plants,eukaryotes,club mosses
Magnoliopsida|flowering plants,-30711.640880949464,12164.094832622915,-21620.34729652151,Streptophyta,Viridiplantae,Eukaryota,Magnoliopsida,Streptophyta,green plants,eukaryotes,angiosperms
Malacostraca,20971.626269038785,-33193.90861303932,-5702.195106911102,Arthropoda,Metazoa,Eukaryota,Malacostraca,arthropods,multicellular animals,eukaryotes,Malacostraca
Malasseziomycetes,25073.45580914341,6630.72939132278,-30702.643187361435,Basidiomycota,Fungi,Eukaryota,Malasseziomycetes,basidiomycetes,Fungi,eukaryotes,Malasseziomycetes
Mamiellophyceae,-38556.794732596325,3873.570425774724,-4882.244055163239,Chlorophyta,Viridiplantae,Eukaryota,Mamiellophyceae,green algae,green plants,eukaryotes,Mamiellophyceae
Mammalia|mammals,-508.81855230737983,-31627.098772193312,-23061.69051196628,Chordata,Metazoa,Eukaryota,Mammalia,chordates,multicellular animals,eukaryotes,mammals
Marchantiopsida,-26154.76119313084,20504.336204722906,-18670.740606773463,Streptophyta,Viridiplantae,Eukaryota,Marchantiopsida,Streptophyta,green plants,eukaryotes,Marchantiopsida
Mediophyceae-1,-1002.358052027642,12293.373522306769,34112.166866228144,Bacillariophyta,,Eukaryota,Mediophyceae,diatoms,,eukaryotes,Mediophyceae
Mediophyceae-2,-3718.624297993488,9732.632436889737,34850.497006865946,Bacillariophyta,,Eukaryota,Mediophyceae,diatoms,,eukaryotes,Mediophyceae
Mediophyceae-3,-1728.0676150797544,8110.594725571256,36042.442890932434,Bacillariophyta,,Eukaryota,Mediophyceae,diatoms,,eukaryotes,Mediophyceae
Mediophyceae-4,-739.6768930726575,9051.56684845108,35802.92695909251,Bacillariophyta,,Eukaryota,Mediophyceae,diatoms,,eukaryotes,Mediophyceae
Mediophyceae-5,-1837.1004302285417,10051.285998768308,35121.8297184313,Bacillariophyta,,Eukaryota,Mediophyceae,diatoms,,eukaryotes,Mediophyceae
Mediophyceae-6,-3292.3774743822614,11326.905739061123,34145.87397713073,Bacillariophyta,,Eukaryota,Mediophyceae,diatoms,,eukaryotes,Mediophyceae
Merostomata|horseshoe crabs,19806.67418691013,-36394.105354900414,-2771.6744970599866,Arthropoda,Metazoa,Eukaryota,Merostomata,arthropods,multicellular animals,eukaryotes,horseshoe crabs
Mesostigmatophyceae-1,-37256.00919907832,7721.774768867213,-2070.869256784503,Streptophyta,Viridiplantae,Eukaryota,Mesostigmatophyceae,Streptophyta,green plants,eukaryotes,Mesostigmatophyceae
Mesostigmatophyceae-2,-34691.40386557196,13414.330204196336,900.3939143696371,Streptophyta,Viridiplantae,Eukaryota,Mesostigmatophyceae,Streptophyta,green plants,eukaryotes,Mesostigmatophyceae
Microbotryomycetes,26325.162246161846,40.65205841764328,-33409.99790914246,Basidiomycota,Fungi,Eukaryota,Microbotryomycetes,basidiomycetes,Fungi,eukaryotes,Microbotryomycetes
Monoblepharidomycetes,42992.66001009529,-4333.910699845299,-9412.752282699665,Chytridiomycota,Fungi,Eukaryota,Monoblepharidomycetes,Chytridiomycota,Fungi,eukaryotes,Monoblepharidomycetes
Monogenea,10541.270582101632,-36767.69686665859,6795.20371332467,Platyhelminthes,Metazoa,Eukaryota,Monogenea,flatworms,multicellular animals,eukaryotes,Monogenea
Monoplacophora,8766.56765350948,-39553.13340798397,2774.973287484958,Mollusca,Metazoa,Eukaryota,Monoplacophora,molluscs,multicellular animals,eukaryotes,Monoplacophora
Mucoromycetes,20082.72005710136,2805.4277423932544,-35779.86044375462,Mucoromycota,Fungi,Eukaryota,Mucoromycetes,Mucoromycota,Fungi,eukaryotes,Mucoromycetes
Mystacocarida|mustache shrimps,20650.122018703336,-34161.553300346575,-12626.667247743422,Arthropoda,Metazoa,Eukaryota,Mystacocarida,arthropods,multicellular animals,eukaryotes,mustache shrimps
Myxini|hagfishes,-4026.2352233723423,-31124.74134512276,-20133.956237437444,Chordata,Metazoa,Eukaryota,Myxini,chordates,multicellular animals,eukaryotes,fishes
Myxozoa,23281.077819867,-33154.77527183689,3196.254327272556,Cnidaria,Metazoa,Eukaryota,Myxozoa,coelenterates,multicellular animals,eukaryotes,Myxozoa
Neocallimastigomycetes,42012.60423949787,-985.312807162878,-9267.051559819498,Chytridiomycota,Fungi,Eukaryota,Neocallimastigomycetes,Chytridiomycota,Fungi,eukaryotes,Neocallimastigomycetes
Neolectomycetes,32602.2919119698,4918.739495194768,-25184.2376385324,Ascomycota,Fungi,Eukaryota,Neolectomycetes,ascomycetes,Fungi,eukaryotes,Neolectomycetes
Oedipodiopsida,-31344.032677018564,14673.545837370651,-16194.52273840615,Streptophyta,Viridiplantae,Eukaryota,Oedipodiopsida,Streptophyta,green plants,eukaryotes,Oedipodiopsida
Oligohymenophorea,17282.93503072426,30702.74938942072,17927.29181779606,Ciliophora,,Eukaryota,Oligohymenophorea,ciliates,,eukaryotes,Oligohymenophorea
Ophiuroidea|brittle stars,-4686.194228981186,-36211.38598256712,-12540.958473817976,Echinodermata,Metazoa,Eukaryota,Ophiuroidea,echinoderms,multicellular animals,eukaryotes,brittle stars
Orbiliomycetes,35054.49415461672,383.8729757016954,-24660.3203202342,Ascomycota,Fungi,Eukaryota,Orbiliomycetes,ascomycetes,Fungi,eukaryotes,Orbiliomycetes
Ostracoda|mussel shrimps,18365.18488501006,-36173.20930950753,-12782.546058045118,Arthropoda,Metazoa,Eukaryota,Ostracoda,arthropods,multicellular animals,eukaryotes,mussel shrimps
Palmophyllophyceae,-17914.405993106106,30495.434862258804,-13365.839826898737,Chlorophyta,Viridiplantae,Eukaryota,Palmophyllophyceae,green algae,green plants,eukaryotes,Palmophyllophyceae
Pauropoda|pauropods,18059.07492353461,-33644.0078941016,-15739.72812163374,Arthropoda,Metazoa,Eukaryota,Pauropoda,arthropods,multicellular animals,eukaryotes,pauropods
Pelagophyceae|pelagophytes,-3664.781212608669,4980.644147892137,36906.46830087963,,,Eukaryota,Pelagophyceae,,,eukaryotes,pelagophytes
Pezizomycetes,36211.94967381313,-1512.855023723525,-23948.936898246942,Ascomycota,Fungi,Eukaryota,Pezizomycetes,ascomycetes,Fungi,eukaryotes,Pezizomycetes
Phaeophyceae|brown algae,-8587.17670412159,11556.36638863222,32360.121527485582,,,Eukaryota,Phaeophyceae,,,eukaryotes,brown algae
Phaeothamniophyceae,-7675.012347320128,12932.964529191744,31919.49574300123,,,Eukaryota,Phaeothamniophyceae,,,eukaryotes,Phaeothamniophyceae
Phyllopharyngea,13424.099312595315,31960.54374329772,17311.06455567907,Ciliophora,,Eukaryota,Phyllopharyngea,ciliates,,eukaryotes,Phyllopharyngea
Physodermatomycetes,41018.539183067805,2698.054209228056,-8263.01878785345,Blastocladiomycota,Fungi,Eukaryota,Physodermatomycetes,Blastocladiomycota,Fungi,eukaryotes,Physodermatomycetes
Phytomyxea,-522.7197908184407,31710.284263057536,17227.74497150105,Endomyxa,,Eukaryota,Phytomyxea,Endomyxa,,eukaryotes,Phytomyxea
Pilidiophora,-444.627175662632,-38657.585979858006,-1211.0037221236016,Nemertea,Metazoa,Eukaryota,Pilidiophora,ribbon worms,multicellular animals,eukaryotes,Pilidiophora
Pinguiophyceae,-6551.56217974057,5290.567645884501,35994.105860825795,,,Eukaryota,Pinguiophyceae,,,eukaryotes,Pinguiophyceae
Pinopsida,-29057.260372808203,13929.483370067372,-22848.33280152489,Streptophyta,Viridiplantae,Eukaryota,Pinopsida,Streptophyta,green plants,eukaryotes,Pinopsida
Pneumocystidomycetes,33769.6309392368,8064.71793176619,-20051.89418869056,Ascomycota,Fungi,Eukaryota,Pneumocystidomycetes,ascomycetes,Fungi,eukaryotes,Pneumocystidomycetes
Polychaeta|polychaetes,3326.328329691537,-37366.03244890807,3839.4849632312,Annelida,Metazoa,Eukaryota,Polychaeta,annelid worms,multicellular animals,eukaryotes,polychaetes
Polycystinea,2951.685203541243,31754.120116242066,17887.13876365467,,,Eukaryota,Polycystinea,,,eukaryotes,Polycystinea
Polyplacophora|chitons,7648.635105423793,-35862.570586752845,2808.985753293302,Mollusca,Metazoa,Eukaryota,Polyplacophora,molluscs,multicellular animals,eukaryotes,chitons
Polypodiopsida,-26964.34828444157,16825.030300935712,-23037.160879726576,Streptophyta,Viridiplantae,Eukaryota,Polypodiopsida,Streptophyta,green plants,eukaryotes,Polypodiopsida
Polytrichopsida|hair mosses,-31974.03350467,14505.996100465858,-14381.920346315794,Streptophyta,Viridiplantae,Eukaryota,Polytrichopsida,Streptophyta,green plants,eukaryotes,hair mosses
Priapulimorpha,12476.712569410767,-32398.18127522376,-21710.01347213536,Priapulida,Metazoa,Eukaryota,Priapulimorpha,penis worms,multicellular animals,eukaryotes,Priapulimorpha
Protura|proturans,20398.081078991345,-36075.02360983211,-8839.076360187653,Arthropoda,Metazoa,Eukaryota,Protura,arthropods,multicellular animals,eukaryotes,coneheads
Pucciniomycetes,28178.437618543387,-1468.9574239608228,-32676.47839957745,Basidiomycota,Fungi,Eukaryota,Pucciniomycetes,basidiomycetes,Fungi,eukaryotes,Pucciniomycetes
Pycnogonida|sea spiders,11944.599010117405,-38791.95485077527,-10944.81601172082,Arthropoda,Metazoa,Eukaryota,Pycnogonida,arthropods,multicellular animals,eukaryotes,sea spiders
Raphidophyceae|raphidophytes,-8778.653697757003,8051.409690830955,34063.849373634584,,,Eukaryota,Raphidophyceae,,,eukaryotes,raphidophytes
Remipedia,15372.270908711636,-38292.44629814703,-7498.054383592453,Arthropoda,Metazoa,Eukaryota,Remipedia,arthropods,multicellular animals,eukaryotes,Remipedia
Rhabditophora,13317.482226715323,-37577.60829219184,4454.473620123015,Platyhelminthes,Metazoa,Eukaryota,Rhabditophora,flatworms,multicellular animals,eukaryotes,Rhabditophora
Rhodellophyceae,7604.66049617166,40352.43002291765,-3284.834914547649,Rhodophyta,,Eukaryota,Rhodellophyceae,red algae,,eukaryotes,Rhodellophyceae
Rhynchonellata,-2164.3273421208123,-36698.13187637865,-3036.163767567683,Brachiopoda,Metazoa,Eukaryota,Rhynchonellata,brachiopods,multicellular animals,eukaryotes,Rhynchonellata
Saccharomycetes,31069.73263185049,7641.459512305682,-24475.9636854625,Ascomycota,Fungi,Eukaryota,Saccharomycetes,ascomycetes,Fungi,eukaryotes,Saccharomycetes
Sagittoidea,4113.4729583396775,-39888.01465791299,-10428.798612775878,Chaetognatha,Metazoa,Eukaryota,Sagittoidea,arrow worms,multicellular animals,eukaryotes,Sagittoidea
Scaphopoda|tusk shells,11258.253210758938,-39508.18892955738,748.499594299632,Mollusca,Metazoa,Eukaryota,Scaphopoda,molluscs,multicellular animals,eukaryotes,tusk shells
Schizosaccharomycetes,32039.921230015665,7922.626437792704,-22941.31970461832,Ascomycota,Fungi,Eukaryota,Schizosaccharomycetes,ascomycetes,Fungi,eukaryotes,Schizosaccharomycetes
Scyphozoa|jellyfishes,-5720.978535773355,-36190.99734902888,-7089.686808789833,Cnidaria,Metazoa,Eukaryota,Scyphozoa,coelenterates,multicellular animals,eukaryotes,jellyfishes
Solenogastres|solenogasters,6226.293035428224,-38880.20056417897,4061.674971546567,Mollusca,Metazoa,Eukaryota,Solenogastres,molluscs,multicellular animals,eukaryotes,solenogasters
Sordariomycetes,35629.54654191591,3350.3116459250414,-21634.70232510748,Ascomycota,Fungi,Eukaryota,Sordariomycetes,ascomycetes,Fungi,eukaryotes,Sordariomycetes
Sphagnopsida,-32829.62544135962,11706.518373967698,-16761.357397035557,Streptophyta,Viridiplantae,Eukaryota,Sphagnopsida,Streptophyta,green plants,eukaryotes,Sphagnopsida
Spirotrichea,16769.641485629658,28967.010807179777,21221.14167003119,Ciliophora,,Eukaryota,Spirotrichea,ciliates,,eukaryotes,Spirotrichea
Stylonematophyceae,9760.643629013412,40087.88129249332,-7404.559675124696,Rhodophyta,,Eukaryota,Stylonematophyceae,red algae,,eukaryotes,Stylonematophyceae
Symphyla|symphylans,16983.02624181007,-34890.03524618069,-16183.855329000562,Arthropoda,Metazoa,Eukaryota,Symphyla,arthropods,multicellular animals,eukaryotes,symphylans
Synchromophyceae,-5948.455969193991,14560.237290542476,31529.51217632861,,,Eukaryota,Synchromophyceae,,,eukaryotes,Synchromophyceae
Synurophyceae-1,-11350.75280169664,6762.754663997865,33591.12376945483,,,Eukaryota,Synurophyceae,,,eukaryotes,Synurophyceae
Synurophyceae-2,-8061.206203758472,4642.190932306152,35737.21676254236,,,Eukaryota,Synurophyceae,,,eukaryotes,Synurophyceae
Takakiopsida,-32388.6593603204,11758.027554306876,-18005.246824074577,Streptophyta,Viridiplantae,Eukaryota,Takakiopsida,Streptophyta,green plants,eukaryotes,Takakiopsida
Taphrinomycetes,32947.5361762572,8082.504424966468,-21410.99400125381,Ascomycota,Fungi,Eukaryota,Taphrinomycetes,ascomycetes,Fungi,eukaryotes,Taphrinomycetes
Tentaculata,1189.7102521786514,-27911.92184961565,-28001.91999511048,Ctenophora,Metazoa,Eukaryota,Tentaculata,comb jellies,multicellular animals,eukaryotes,Tentaculata
Tetraphidopsida,-31122.02911542965,15492.092305368762,-15261.489207859311,Streptophyta,Viridiplantae,Eukaryota,Tetraphidopsida,Streptophyta,green plants,eukaryotes,Tetraphidopsida
Thaliacea,-260.7498259772965,-35924.683260240374,-18269.462130317093,Chordata,Metazoa,Eukaryota,Thaliacea,chordates,multicellular animals,eukaryotes,Thaliacea
Thecofilosea,-7152.714619243713,30216.40270972324,17017.135152025905,Cercozoa,,Eukaryota,Thecofilosea,Cercozoa,,eukaryotes,Thecofilosea
Thecostraca,22067.969914705394,-35338.587156524045,-6050.619314271575,Arthropoda,Metazoa,Eukaryota,Thecostraca,arthropods,multicellular animals,eukaryotes,Thecostraca
Trebouxiophyceae,-21991.275677656184,29049.676733428165,-5599.889678718817,Chlorophyta,Viridiplantae,Eukaryota,Trebouxiophyceae,green algae,green plants,eukaryotes,Trebouxiophyceae
Trematoda,12047.793810456273,-35814.47356832861,5630.80829532662,Platyhelminthes,Metazoa,Eukaryota,Trematoda,flatworms,multicellular animals,eukaryotes,Trematoda
Tremellomycetes,27973.958119957664,3255.300880639221,-30823.32334259837,Basidiomycota,Fungi,Eukaryota,Tremellomycetes,basidiomycetes,Fungi,eukaryotes,Tremellomycetes
Udeonychophora,11475.003377223557,-37897.3550707823,-14199.594416904472,Onychophora,Metazoa,Eukaryota,Udeonychophora,velvet worms,multicellular animals,eukaryotes,Udeonychophora
Ulvophyceae,-16991.877386577373,29710.60186956041,-17716.39594228375,Chlorophyta,Viridiplantae,Eukaryota,Ulvophyceae,green algae,green plants,eukaryotes,Ulvophyceae
Umbelopsidomycetes,19525.66797319281,4290.63931450529,-35229.497533729824,Mucoromycota,Fungi,Eukaryota,Umbelopsidomycetes,Mucoromycota,Fungi,eukaryotes,Umbelopsidomycetes
Ustilaginomycetes,25606.09626145269,7053.394446957496,-30048.4603834644,Basidiomycota,Fungi,Eukaryota,Ustilaginomycetes,basidiomycetes,Fungi,eukaryotes,Ustilaginomycetes
Wallemiomycetes,26402.336708494862,3924.792046057413,-31575.339068352543,Basidiomycota,Fungi,Eukaryota,Wallemiomycetes,basidiomycetes,Fungi,eukaryotes,Wallemiomycetes
Xanthophyceae|yellow-green algae,-8944.977795972638,9739.505119090074,33184.502908670285,,,Eukaryota,Xanthophyceae,,,eukaryotes,yellow-green algae
Xylonomycetes,36883.39291669868,2654.859590600517,-19940.56996448172,Ascomycota,Fungi,Eukaryota,Xylonomycetes,ascomycetes,Fungi,eukaryotes,Xylonomycetes
Zygnemophyceae|gamophytes,-28955.46143372104,20541.72407210157,-10327.45147603723,Streptophyta,Viridiplantae,Eukaryota,Zygnemophyceae,Streptophyta,green plants,eukaryotes,gamophytes
