0,x,y,z,family,order,name,name_eng,family_eng,order_eng
Eulemur macaco macaco,-544.3344660250002,-31595.829856417426,-23029.83689554422,Lemuridae,Primates,Eulemur macaco macaco,Eulemur macaco macaco,lemurs,Primates
Eulemur rufus,-544.6191105847679,-31595.470161383728,-23029.985675911965,Lemuridae,Primates,Eulemur rufus,Red-fronted lemur,lemurs,Primates
Eulemur fulvus mayottensis,-544.8185617425106,-31595.477688171075,-23030.19321232171,Lemuridae,Primates,Eulemur fulvus mayottensis,Eulemur fulvus mayottensis,lemurs,Primates
Eulemur fulvus fulvus,-544.8185617497255,-31595.477688160678,-23030.193212285525,Lemuridae,Primates,Eulemur fulvus fulvus,Eulemur fulvus fulvus,lemurs,Primates
Eulemur mongoz,-544.5477040071578,-31595.751943242747,-23030.462715530117,Lemuridae,Primates,Eulemur mongoz,mongoose lemur,lemurs,Primates
Eulemur rubriventer,-544.3365338867035,-31595.838878396356,-23030.268439356507,Lemuridae,Primates,Eulemur rubriventer,red-bellied lemur,lemurs,Primates
Varecia variegata variegata,-544.9650382248435,-31596.074429460936,-23029.63978323071,Lemuridae,Primates,Varecia variegata variegata,Varecia variegata variegata,lemurs,Primates
Varecia variegata,-545.0119769342906,-31595.98955736598,-23029.63636008514,Lemuridae,Primates,Varecia variegata,variegated lemur,lemurs,Primates
Hapalemur griseus,-545.1413595096778,-31596.14462276903,-23030.2830975544,Lemuridae,Primates,Hapalemur griseus,bamboo lemur,lemurs,Primates
Hapalemur griseus griseus,-545.0390570622083,-31596.15326924837,-23030.390928068213,Lemuridae,Primates,Hapalemur griseus griseus,Hapalemur griseus griseus,lemurs,Primates
Prolemur simus,-544.5941349454138,-31596.3661142999,-23030.00761166453,Lemuridae,Primates,Prolemur simus,broad-nosed bamboo lemur,lemurs,Primates
Lemur catta,-544.6482677201644,-31596.33384693886,-23030.3068352276,Lemuridae,Primates,Lemur catta,Ring-tailed lemur,lemurs,Primates
Eulemur macaco,-544.3344660250002,-31595.829856417426,-23029.83689554422,Lemuridae,Primates,Eulemur macaco,black lemur,lemurs,Primates
Eulemur fulvus,-544.8185617187589,-31595.477688159808,-23030.193212304264,Lemuridae,Primates,Eulemur fulvus,brown lemur,lemurs,Primates
Varecia rubra,-545.1385293830756,-31596.00027264377,-23029.73434448121,Lemuridae,Primates,Varecia rubra,Red ruffed lemur,lemurs,Primates
Avahi laniger,-539.1397979137348,-31595.21280606657,-23029.072191700678,Indriidae,Primates,Avahi laniger,woolly lemur,Indriidae,Primates
Indri indri,-539.2833639715915,-31595.747917878423,-23028.81014487469,Indriidae,Primates,Indri indri,Indri indri,Indriidae,Primates
Propithecus edwardsi,-539.7881137326555,-31595.51390399259,-23029.2674464046,Indriidae,Primates,Propithecus edwardsi,Milne-Edwards sifaka,Indriidae,Primates
Propithecus diadema,-539.9309804016495,-31595.592385057826,-23029.08035069534,Indriidae,Primates,Propithecus diadema,diademed sifaka,Indriidae,Primates
Propithecus verreauxi,-539.7636798230667,-31594.97991293272,-23029.05007263551,Indriidae,Primates,Propithecus verreauxi,white sifaka,Indriidae,Primates
Propithecus tattersalli,-539.6294470626931,-31595.15894627481,-23028.571520409743,Indriidae,Primates,Propithecus tattersalli,golden-crowned sifaka,Indriidae,Primates
Propithecus coquereli,-539.7983616743619,-31595.355513558487,-23028.53727440664,Indriidae,Primates,Propithecus coquereli,Coquerel's sifaka,Indriidae,Primates
Megaladapis edwardsi,-545.153127253614,-31600.79075317771,-23022.346404731004,Lepilemuridae,Primates,Megaladapis edwardsi,Megaladapis edwardsi,Sportive lemurs,Primates
Lepilemur hollandorum,-544.958379933825,-31600.685194021506,-23023.04020206512,Lepilemuridae,Primates,Lepilemur hollandorum,Lepilemur hollandorum,Sportive lemurs,Primates
Lepilemur seali,-544.9997852675143,-31600.56342025317,-23022.79714512789,Lepilemuridae,Primates,Lepilemur seali,Lepilemur seali,Sportive lemurs,Primates
Lepilemur scottorum,-544.9641852875351,-31600.603726809462,-23022.91542036589,Lepilemuridae,Primates,Lepilemur scottorum,Lepilemur scottorum,Sportive lemurs,Primates
Lepilemur wrighti,-544.8802297801907,-31601.03870216641,-23022.99644848085,Lepilemuridae,Primates,Lepilemur wrighti,Lepilemur wrighti,Sportive lemurs,Primates
Lepilemur fleuretae,-544.8943712402313,-31600.80242041158,-23022.62725351183,Lepilemuridae,Primates,Lepilemur fleuretae,Lepilemur fleuretae,Sportive lemurs,Primates
Lepilemur jamesi,-544.8390582128836,-31600.89593125436,-23022.795446067616,Lepilemuridae,Primates,Lepilemur jamesi,Lepilemur jamesi,Sportive lemurs,Primates
Lepilemur betsileo,-544.8502265104623,-31600.976044765583,-23022.749803853607,Lepilemuridae,Primates,Lepilemur betsileo,Lepilemur betsileo,Sportive lemurs,Primates
Lepilemur mustelinus,-544.8636871609631,-31600.929170643303,-23022.68034211918,Lepilemuridae,Primates,Lepilemur mustelinus,weasel lemur,Sportive lemurs,Primates
Lepilemur microdon,-545.3807037715254,-31600.708789921464,-23023.2072084279,Lepilemuridae,Primates,Lepilemur microdon,Lepilemur microdon,Sportive lemurs,Primates
Lepilemur otto,-545.2897955128852,-31600.908709320145,-23023.244429940318,Lepilemuridae,Primates,Lepilemur otto,Lepilemur otto,Sportive lemurs,Primates
Lepilemur grewcocki,-545.3892703699123,-31601.02980503177,-23023.21727737005,Lepilemuridae,Primates,Lepilemur grewcocki,Lepilemur grewcocki,Sportive lemurs,Primates
Lepilemur edwardsi,-545.4683158977242,-31600.930063024996,-23023.214457982274,Lepilemuridae,Primates,Lepilemur edwardsi,Milne-Edwards's sportive lemur,Sportive lemurs,Primates
Lepilemur sahamalazensis,-545.6783066171731,-31600.756870359277,-23022.79387656427,Lepilemuridae,Primates,Lepilemur sahamalazensis,Lepilemur sahamalazensis,Sportive lemurs,Primates
Lepilemur ahmansoni,-545.7107745283583,-31600.897351804106,-23022.845155405957,Lepilemuridae,Primates,Lepilemur ahmansoni,Lepilemur ahmansoni,Sportive lemurs,Primates
Lepilemur dorsalis,-545.61369666659,-31600.8839706564,-23022.58382578649,Lepilemuridae,Primates,Lepilemur dorsalis,gray-backed sportive lemur,Sportive lemurs,Primates
Lepilemur mittermeieri,-545.6136966520955,-31600.88397064564,-23022.58382576704,Lepilemuridae,Primates,Lepilemur mittermeieri,Lepilemur mittermeieri,Sportive lemurs,Primates
Lepilemur tymerlachsoni,-545.487717828077,-31600.66492765225,-23022.54752114801,Lepilemuridae,Primates,Lepilemur tymerlachsoni,Lepilemur tymerlachsoni,Sportive lemurs,Primates
Lepilemur ankaranensis,-545.5778267591719,-31600.66111566888,-23022.67940740452,Lepilemuridae,Primates,Lepilemur ankaranensis,Lepilemur ankaranensis,Sportive lemurs,Primates
Lepilemur milanoii,-545.5064210011686,-31600.57738209852,-23022.70539500127,Lepilemuridae,Primates,Lepilemur milanoii,Lepilemur milanoii,Sportive lemurs,Primates
Lepilemur leucopus,-545.2221708699134,-31601.190536307484,-23022.50774487449,Lepilemuridae,Primates,Lepilemur leucopus,white-footed sportive lemur,Sportive lemurs,Primates
Lepilemur petteri,-545.3000472217026,-31601.18115104603,-23022.495320013302,Lepilemuridae,Primates,Lepilemur petteri,Lepilemur petteri,Sportive lemurs,Primates
Lepilemur hubbardorum,-545.5220680561379,-31601.26296159713,-23022.765224946877,Lepilemuridae,Primates,Lepilemur hubbardorum,Hubbard's sportive lemur,Sportive lemurs,Primates
Lepilemur ruficaudatus,-545.3526836737386,-31601.324378024037,-23022.79172293008,Lepilemuridae,Primates,Lepilemur ruficaudatus,red-tailed sportive lemur,Sportive lemurs,Primates
Lepilemur randrianasoloi,-545.2250519381945,-31601.29260608212,-23023.00757268705,Lepilemuridae,Primates,Lepilemur randrianasoloi,Randrianasolo's sportive lemur,Sportive lemurs,Primates
Lepilemur aeeclis,-545.4398402256637,-31601.28945187685,-23022.98698798445,Lepilemuridae,Primates,Lepilemur aeeclis,Lepilemur aeeclis,Sportive lemurs,Primates
Lepilemur septentrionalis,-545.4615337329072,-31600.56438415526,-23022.993927730346,Lepilemuridae,Primates,Lepilemur septentrionalis,northern sportive lemur,Sportive lemurs,Primates
Microcebus jollyae,-541.3301517043631,-31598.4407467995,-23024.85311009217,Cheirogaleidae,Primates,Microcebus jollyae,Jolly's mouse lemur,dwarf and mouse lemurs,Primates
Phaner pallescens,-541.9847381754354,-31598.188041036545,-23024.56958517544,Cheirogaleidae,Primates,Phaner pallescens,Phaner pallescens,dwarf and mouse lemurs,Primates
Phaner parienti,-541.9821883321523,-31598.04139435714,-23024.52055004136,Cheirogaleidae,Primates,Phaner parienti,Phaner parienti,dwarf and mouse lemurs,Primates
Phaner electromontis,-541.9968731800902,-31598.0804753712,-23024.65446714701,Cheirogaleidae,Primates,Phaner electromontis,Phaner electromontis,dwarf and mouse lemurs,Primates
Cheirogaleus sibreei,-541.7586932474482,-31598.46795459964,-23024.390096340703,Cheirogaleidae,Primates,Cheirogaleus sibreei,Sibree's dwarf lemur,dwarf and mouse lemurs,Primates
Cheirogaleus medius,-541.556562840472,-31598.58439332207,-23024.48929826424,Cheirogaleidae,Primates,Cheirogaleus medius,fat-tailed dwarf lemur,dwarf and mouse lemurs,Primates
Cheirogaleus major,-541.738170618433,-31598.546442486582,-23024.69293636416,Cheirogaleidae,Primates,Cheirogaleus major,Greater dwarf lemur,dwarf and mouse lemurs,Primates
Cheirogaleus crossleyi,-541.8351380433019,-31598.43596152156,-23024.77718212469,Cheirogaleidae,Primates,Cheirogaleus crossleyi,Crossley's dwarf lemur,dwarf and mouse lemurs,Primates
Allocebus trichotis,-541.7570192460228,-31598.15767975597,-23024.254447078925,Cheirogaleidae,Primates,Allocebus trichotis,hairy-eared dwarf lemur,dwarf and mouse lemurs,Primates
Mirza coquereli,-541.4614340925575,-31598.28775803377,-23024.174458928228,Cheirogaleidae,Primates,Mirza coquereli,Coquerel's mouse lemur,dwarf and mouse lemurs,Primates
Mirza zaza,-541.4663827436198,-31598.21818908212,-23024.15571813558,Cheirogaleidae,Primates,Mirza zaza,Mirza zaza,dwarf and mouse lemurs,Primates
Microcebus griseorufus,-541.5291368281183,-31597.87498285235,-23024.273269049077,Cheirogaleidae,Primates,Microcebus griseorufus,Microcebus griseorufus,dwarf and mouse lemurs,Primates
Microcebus murinus,-541.6089700561506,-31597.76857134035,-23024.403843611974,Cheirogaleidae,Primates,Microcebus murinus,grey mouse lemur,dwarf and mouse lemurs,Primates
Microcebus danfossi,-541.1324662843587,-31598.234986212687,-23024.41999166291,Cheirogaleidae,Primates,Microcebus danfossi,Microcebus danfossi,dwarf and mouse lemurs,Primates
Microcebus bongolavensis,-541.184834764442,-31598.39645012105,-23024.515486911965,Cheirogaleidae,Primates,Microcebus bongolavensis,Microcebus bongolavensis,dwarf and mouse lemurs,Primates
Microcebus ravelobensis,-541.1383069457587,-31598.36690788758,-23024.60772929232,Cheirogaleidae,Primates,Microcebus ravelobensis,Microcebus ravelobensis,dwarf and mouse lemurs,Primates
Microcebus rufus,-541.2058299958287,-31598.163753259043,-23024.83018878549,Cheirogaleidae,Primates,Microcebus rufus,brown mouse lemur,dwarf and mouse lemurs,Primates
Microcebus simmonsi,-541.4544761332058,-31598.32190255681,-23024.995968161387,Cheirogaleidae,Primates,Microcebus simmonsi,Simmons' mouse lemur,dwarf and mouse lemurs,Primates
Microcebus margotmarshae,-541.1255207506681,-31597.92026868122,-23024.57152263483,Cheirogaleidae,Primates,Microcebus margotmarshae,Margot Marsh's mouse lemur,dwarf and mouse lemurs,Primates
Microcebus mamiratra,-541.1737792116556,-31597.916063342374,-23024.455721716604,Cheirogaleidae,Primates,Microcebus mamiratra,Claire's mouse lemur,dwarf and mouse lemurs,Primates
Microcebus tavaratra,-541.6525026638284,-31597.79418296376,-23024.745100134613,Cheirogaleidae,Primates,Microcebus tavaratra,Microcebus tavaratra,dwarf and mouse lemurs,Primates
Microcebus sambiranensis,-541.3751971644541,-31597.737747619663,-23024.60812894267,Cheirogaleidae,Primates,Microcebus sambiranensis,Microcebus sambiranensis,dwarf and mouse lemurs,Primates
Microcebus arnholdi,-541.3151905367678,-31597.783633531664,-23024.7382630518,Cheirogaleidae,Primates,Microcebus arnholdi,Arnhold's mouse lemur,dwarf and mouse lemurs,Primates
Microcebus mittermeieri,-541.3415612035708,-31598.0328244388,-23025.00175419974,Cheirogaleidae,Primates,Microcebus mittermeieri,Mittermeier's mouse lemur,dwarf and mouse lemurs,Primates
Microcebus berthae,-541.6400316896945,-31597.953373739147,-23024.96566634956,Cheirogaleidae,Primates,Microcebus berthae,Berthe's mouse lemur,dwarf and mouse lemurs,Primates
Microcebus lehilahytsara,-541.472764783111,-31597.855496634496,-23024.917371442774,Cheirogaleidae,Primates,Microcebus lehilahytsara,Goodman's mouse lemur,dwarf and mouse lemurs,Primates
Microcebus myoxinus,-541.5661069752766,-31598.10704918365,-23025.02514796212,Cheirogaleidae,Primates,Microcebus myoxinus,Microcebus myoxinus,dwarf and mouse lemurs,Primates
Microcebus tanosi,-541.1840813624827,-31598.021869132463,-23024.838148982297,Cheirogaleidae,Primates,Microcebus tanosi,Anosy mouse lemur,dwarf and mouse lemurs,Primates
Palaeopropithecus ingens,-548.1347983213158,-31599.096454873605,-23027.06850064681,Paleopropithecidae,Primates,Palaeopropithecus ingens,large sloth lemur,sloth lemurs,Primates
Daubentonia madagascariensis,-537.917866341264,-31590.8685549827,-23039.46267276988,Daubentoniidae,Primates,Daubentonia madagascariensis,aye-aye,aye-ayes,Primates
Perodicticus potto,-550.5635433664595,-31592.24363961193,-23040.436146908298,Lorisidae,Primates,Perodicticus potto,potto,lorises,Primates
Nycticebus javanicus,-550.7591247444138,-31592.827549324444,-23041.225115973888,Lorisidae,Primates,Nycticebus javanicus,Javan slow loris,lorises,Primates
Nycticebus coucang,-550.6460208887522,-31592.92410095209,-23041.184517143374,Lorisidae,Primates,Nycticebus coucang,slow loris,lorises,Primates
Nycticebus bengalensis,-550.6016655055247,-31592.950249086825,-23041.167811638028,Lorisidae,Primates,Nycticebus bengalensis,Bengal slow loris,lorises,Primates
Nycticebus pygmaeus,-550.2236246927557,-31592.91244312538,-23040.61228942192,Lorisidae,Primates,Nycticebus pygmaeus,pygmy slow loris,lorises,Primates
Nycticebus menagensis,-550.8533330506395,-31592.878343906723,-23040.67261261894,Lorisidae,Primates,Nycticebus menagensis,Bornean slow loris,lorises,Primates
Loris tardigradus,-550.0856727131522,-31592.23685689038,-23041.02591092401,Lorisidae,Primates,Loris tardigradus,slender loris,lorises,Primates
Loris lydekkerianus,-550.1909572959864,-31592.164294255235,-23041.127249303725,Lorisidae,Primates,Loris lydekkerianus,gray slender loris,lorises,Primates
Perodicticus potto edwarsi,-550.843332242982,-31592.108202684496,-23040.776422334617,Lorisidae,Primates,Perodicticus potto edwarsi,Perodicticus potto edwarsi,lorises,Primates
Galago senegalensis,-555.130292535146,-31595.635191160305,-23038.881817255467,Galagidae,Primates,Galago senegalensis,Senegal galago,galagos,Primates
Galago moholi,-555.1455971977213,-31595.700744789785,-23038.86398463689,Galagidae,Primates,Galago moholi,South African galago,galagos,Primates
Otolemur crassicaudatus,-555.6959341261329,-31595.47455525769,-23039.318330478585,Galagidae,Primates,Otolemur crassicaudatus,thick-tailed galago,galagos,Primates
Galagoides demidoff,-555.2017965733086,-31596.063940629963,-23039.32873063245,Galagidae,Primates,Galagoides demidoff,Demidoff's galago,galagos,Primates
Otolemur garnettii,-554.7320914538486,-31595.64711968657,-23039.377545155214,Galagidae,Primates,Otolemur garnettii,small-eared galago,galagos,Primates
Saguinus oedipus,-566.1419215834131,-31629.27033024555,-23028.47903857021,Cebidae,Primates,Saguinus oedipus,cotton-top tamarin,capuchin and squirrel monkeys,Primates
Sapajus apella,-566.3362744280648,-31629.24910490318,-23028.62524066768,Cebidae,Primates,Sapajus apella,brown-capped capuchin,capuchin and squirrel monkeys,Primates
Saimiri oerstedii citrinellus,-566.211236598058,-31629.5740143493,-23028.63406370261,Cebidae,Primates,Saimiri oerstedii citrinellus,Saimiri oerstedii citrinellus,capuchin and squirrel monkeys,Primates
Saimiri sciureus,-566.2747066372727,-31629.64685483088,-23028.59859702512,Cebidae,Primates,Saimiri sciureus,common squirrel monkey,capuchin and squirrel monkeys,Primates
Saimiri boliviensis,-566.2550016732017,-31629.67291197845,-23028.533448826354,Cebidae,Primates,Saimiri boliviensis,Bolivian squirrel monkey,capuchin and squirrel monkeys,Primates
Saimiri boliviensis boliviensis,-566.2556819651961,-31629.679393116054,-23028.513976931998,Cebidae,Primates,Saimiri boliviensis boliviensis,Bolivian squirrel monkey,capuchin and squirrel monkeys,Primates
Cebus albifrons,-566.5715326842334,-31629.422576365585,-23028.405959382064,Cebidae,Primates,Cebus albifrons,brown pale-fronted capuchin,capuchin and squirrel monkeys,Primates
Sapajus xanthosternos,-566.4910195539953,-31629.275140507445,-23028.44961595004,Cebidae,Primates,Sapajus xanthosternos,yellow-breasted capuchin,capuchin and squirrel monkeys,Primates
Leontopithecus rosalia,-566.4620245353075,-31629.619560704323,-23028.30383669112,Cebidae,Primates,Leontopithecus rosalia,golden lion tamarin,capuchin and squirrel monkeys,Primates
Leontopithecus chrysopygus,-566.4446090103037,-31629.59390858167,-23028.26507949529,Cebidae,Primates,Leontopithecus chrysopygus,golden-rumped lion tamarin,capuchin and squirrel monkeys,Primates
Callimico goeldii,-566.2203688840498,-31629.57529167266,-23028.25915031702,Cebidae,Primates,Callimico goeldii,Goeldi's monkey,capuchin and squirrel monkeys,Primates
Callithrix pygmaea,-566.2493550101383,-31629.23508376255,-23028.35633936589,Cebidae,Primates,Callithrix pygmaea,Callithrix pygmaea,capuchin and squirrel monkeys,Primates
Callithrix penicillata,-566.328510222745,-31629.367774758903,-23028.22542562757,Cebidae,Primates,Callithrix penicillata,black-pencilled marmoset,capuchin and squirrel monkeys,Primates
Callithrix jacchus,-566.3009731583561,-31629.351466534656,-23028.23730943162,Cebidae,Primates,Callithrix jacchus,white-tufted-ear marmoset,capuchin and squirrel monkeys,Primates
Callithrix kuhlii,-566.3218752874443,-31629.41409158357,-23028.216232671515,Cebidae,Primates,Callithrix kuhlii,Wied's marmoset,capuchin and squirrel monkeys,Primates
Callithrix geoffroyi,-566.274737489195,-31629.394642660907,-23028.22762415604,Cebidae,Primates,Callithrix geoffroyi,Geoffroy's marmoset,capuchin and squirrel monkeys,Primates
Saimiri boliviensis peruviensis,-566.2339510949882,-31629.65728522725,-23028.54863755952,Cebidae,Primates,Saimiri boliviensis peruviensis,Saimiri boliviensis peruviensis,capuchin and squirrel monkeys,Primates
Saimiri oerstedii oerstedii,-566.2326822450892,-31629.56826495865,-23028.65347180662,Cebidae,Primates,Saimiri oerstedii oerstedii,Saimiri oerstedii oerstedii,capuchin and squirrel monkeys,Primates
Saimiri oerstedii,-566.2220261101048,-31629.577184932998,-23028.639709218303,Cebidae,Primates,Saimiri oerstedii,Central American squirrel monkey,capuchin and squirrel monkeys,Primates
Saimiri sciureus sciureus,-566.2942253092839,-31629.631501302872,-23028.628134197468,Cebidae,Primates,Saimiri sciureus sciureus,Saimiri sciureus sciureus,capuchin and squirrel monkeys,Primates
Saimiri sciureus macrodon,-566.3431068344959,-31629.667791335414,-23028.58665938504,Cebidae,Primates,Saimiri sciureus macrodon,Saimiri sciureus macrodon,capuchin and squirrel monkeys,Primates
Saguinus midas,-566.0958571825871,-31629.434021851685,-23028.353228681543,Cebidae,Primates,Saguinus midas,Midas tamarin,capuchin and squirrel monkeys,Primates
Saguinus leucopus,-566.0940051443687,-31629.35192876869,-23028.423841573032,Cebidae,Primates,Saguinus leucopus,silvery-brown bare-face tamarin,capuchin and squirrel monkeys,Primates
Saguinus geoffroyi,-566.1215805133462,-31629.299779521003,-23028.50764604776,Cebidae,Primates,Saguinus geoffroyi,Geoffroy's tamarin,capuchin and squirrel monkeys,Primates
Cebus kaapori,-566.5790338523069,-31629.491864717336,-23028.485045359343,Cebidae,Primates,Cebus kaapori,Cebus kaapori,capuchin and squirrel monkeys,Primates
Cebus olivaceus,-566.5761458804436,-31629.452058190745,-23028.433255732463,Cebidae,Primates,Cebus olivaceus,weeper capuchin monkey,capuchin and squirrel monkeys,Primates
Sapajus nigritus,-566.5001722578754,-31629.37694647068,-23028.629640008367,Cebidae,Primates,Sapajus nigritus,Black capuchin,capuchin and squirrel monkeys,Primates
Cebus apella,-566.5000608792782,-31629.298616802684,-23028.536574371883,Cebidae,Primates,Cebus apella,Cebus apella,capuchin and squirrel monkeys,Primates
Sapajus apella macrocephalus,-566.487454887943,-31629.292518324917,-23028.55379860049,Cebidae,Primates,Sapajus apella macrocephalus,Sapajus apella macrocephalus,capuchin and squirrel monkeys,Primates
Sapajus flavius,-566.5163005643058,-31629.31744301108,-23028.54504061121,Cebidae,Primates,Sapajus flavius,blonde capuchin,capuchin and squirrel monkeys,Primates
Sapajus libidinosus,-566.5005323685352,-31629.304474037574,-23028.549383746045,Cebidae,Primates,Sapajus libidinosus,black-striped capuchin,capuchin and squirrel monkeys,Primates
Aotus trivirgatus,-566.5557860541898,-31624.37814846369,-23030.11850098564,Aotidae,Primates,Aotus trivirgatus,douroucouli,owl monkeys,Primates
Aotus azarae,-566.9185187322543,-31624.61533828732,-23030.301984606383,Aotidae,Primates,Aotus azarae,Aotus azarae,owl monkeys,Primates
Aotus azarae azarai,-566.9185187450382,-31624.615338263928,-23030.30198461937,Aotidae,Primates,Aotus azarae azarai,Aotus azarae azarai,owl monkeys,Primates
Aotus nigriceps,-567.0472953454621,-31624.55327587885,-23030.067958430973,Aotidae,Primates,Aotus nigriceps,black-headed night monkey,owl monkeys,Primates
Aotus nancymaae,-566.9334725288163,-31624.23264204257,-23030.00390303794,Aotidae,Primates,Aotus nancymaae,Ma's night monkey,owl monkeys,Primates
Aotus vociferans,-566.7985933078453,-31624.232501398896,-23030.30679311749,Aotidae,Primates,Aotus vociferans,Spix's night monkey,owl monkeys,Primates
Aotus lemurinus,-566.6536216840618,-31624.445510094363,-23029.926803733164,Aotidae,Primates,Aotus lemurinus,lemurine night monkey,owl monkeys,Primates
Aotus griseimembra,-566.6034909682144,-31624.519003555743,-23029.98462902984,Aotidae,Primates,Aotus griseimembra,Aotus griseimembra,owl monkeys,Primates
Plecturocebus donacophilus,-567.548407859996,-31627.240921503835,-23030.41669497411,Pitheciidae,Primates,Plecturocebus donacophilus,Bolivian gray titi,Pitheciidae,Primates
Cacajao calvus,-567.2434780598277,-31626.947798960144,-23030.321207488138,Pitheciidae,Primates,Cacajao calvus,Bald Uacari,Pitheciidae,Primates
Chiropotes israelita,-567.343827963109,-31627.00997752377,-23030.51377603283,Pitheciidae,Primates,Chiropotes israelita,Chiropotes israelita,Pitheciidae,Primates
Chiropotes albinasus,-567.4267371848821,-31626.98002437917,-23030.425839820367,Pitheciidae,Primates,Chiropotes albinasus,Chiropotes albinasus,Pitheciidae,Primates
Cheracebus lugens,-567.4421883180967,-31627.06711021356,-23030.14467506605,Pitheciidae,Primates,Cheracebus lugens,black titi,Pitheciidae,Primates
Plecturocebus cupreus,-567.1551763183134,-31627.352047129916,-23030.24152144632,Pitheciidae,Primates,Plecturocebus cupreus,coppery titi,Pitheciidae,Primates
Pithecia pithecia,-567.1214446536513,-31627.061149435027,-23030.45451318835,Pitheciidae,Primates,Pithecia pithecia,white-faced saki,Pitheciidae,Primates
Cheracebus lucifer,-567.5150576540655,-31627.0979051976,-23030.188146382417,Pitheciidae,Primates,Cheracebus lucifer,Cheracebus lucifer,Pitheciidae,Primates
Callicebus nigrifrons,-567.2457921201216,-31627.15552843962,-23030.08276566225,Pitheciidae,Primates,Callicebus nigrifrons,black-fronted titi,Pitheciidae,Primates
Callicebus personatus,-567.1308675389378,-31627.124763721466,-23030.16998802349,Pitheciidae,Primates,Callicebus personatus,masked titi,Pitheciidae,Primates
Plecturocebus brunneus,-567.172630007454,-31627.36929990705,-23030.408844682453,Pitheciidae,Primates,Plecturocebus brunneus,brown titi,Pitheciidae,Primates
Plecturocebus miltoni,-567.427966797612,-31627.39538582068,-23030.2251258035,Pitheciidae,Primates,Plecturocebus miltoni,Milton's titi,Pitheciidae,Primates
Plecturocebus cinerascens,-567.3397255929201,-31627.432208555914,-23030.242032873022,Pitheciidae,Primates,Plecturocebus cinerascens,ashy titi,Pitheciidae,Primates
Plecturocebus bernhardi,-567.2872564966018,-31627.335943995145,-23030.507946703536,Pitheciidae,Primates,Plecturocebus bernhardi,Prince Bernhard's titi,Pitheciidae,Primates
Plecturocebus moloch,-567.3929958418742,-31627.38888325627,-23030.437278113382,Pitheciidae,Primates,Plecturocebus moloch,Dusky titi,Pitheciidae,Primates
Plecturocebus vieirai,-567.3294549541959,-31627.42361223645,-23030.3881390516,Pitheciidae,Primates,Plecturocebus vieirai,Plecturocebus vieirai,Pitheciidae,Primates
Alouatta guariba clamitans,-565.423458906697,-31627.5685132125,-23027.05050045281,Atelidae,Primates,Alouatta guariba clamitans,Alouatta guariba clamitans,Atelidae,Primates
Alouatta seniculus,-565.200200025193,-31627.56252811636,-23026.956349488028,Atelidae,Primates,Alouatta seniculus,red howler monkey,Atelidae,Primates
Lagothrix lagotricha,-565.3216723435751,-31627.553676555686,-23027.33711583805,Atelidae,Primates,Lagothrix lagotricha,common woolly monkey,Atelidae,Primates
Ateles belzebuth,-565.2691617442151,-31627.17363439525,-23027.15576152792,Atelidae,Primates,Ateles belzebuth,white-bellied spider monkey,Atelidae,Primates
Alouatta caraya,-565.3238763211114,-31627.47169814136,-23026.902222832967,Atelidae,Primates,Alouatta caraya,black howler monkey,Atelidae,Primates
Brachyteles arachnoides,-565.0645219188056,-31627.553020012176,-23027.211511025613,Atelidae,Primates,Brachyteles arachnoides,muriqui,Atelidae,Primates
Ateles paniscus,-565.4131161531576,-31627.272827289,-23027.26918765154,Atelidae,Primates,Ateles paniscus,red-faced black spider monkey,Atelidae,Primates
Ateles fusciceps,-565.3196338512416,-31627.17761716594,-23027.106152395707,Atelidae,Primates,Ateles fusciceps,brown-headed spider monkey,Atelidae,Primates
Ateles hybridus,-565.1999098360357,-31627.251818648787,-23027.309751594425,Atelidae,Primates,Ateles hybridus,brown spider monkey,Atelidae,Primates
Ateles geoffroyi,-565.079177538466,-31627.251020675845,-23027.16331882612,Atelidae,Primates,Ateles geoffroyi,Central American spider monkey,Atelidae,Primates
Cercopithecus ascanius,-562.5207410354599,-31617.98587559542,-23026.17145213467,Cercopithecidae,Primates,Cercopithecus ascanius,black-cheeked white-nosed monkey,Old World monkeys,Primates
Cercopithecus hamlyni,-562.1698728995535,-31617.76558597442,-23026.43904216644,Cercopithecidae,Primates,Cercopithecus hamlyni,owl-faced monkey,Old World monkeys,Primates
Macaca mulatta,-562.2007134500534,-31617.267997091203,-23026.360860421457,Cercopithecidae,Primates,Macaca mulatta,rhesus macaque,Old World monkeys,Primates
Colobus guereza,-562.6851170675336,-31617.302437394468,-23026.30375729313,Cercopithecidae,Primates,Colobus guereza,guereza,Old World monkeys,Primates
Chlorocebus aethiops,-562.0200639473434,-31617.688720161736,-23025.796538514674,Cercopithecidae,Primates,Chlorocebus aethiops,grivet,Old World monkeys,Primates
Papio cynocephalus,-562.2722796043117,-31617.1035683254,-23026.06695025144,Cercopithecidae,Primates,Papio cynocephalus,Yellow baboon,Old World monkeys,Primates
Chlorocebus sabaeus,-562.0296806658752,-31617.745496662617,-23025.79905146605,Cercopithecidae,Primates,Chlorocebus sabaeus,green monkey,Old World monkeys,Primates
Chlorocebus tantalus,-562.0384428213182,-31617.646077603364,-23025.74567045388,Cercopithecidae,Primates,Chlorocebus tantalus,tantalus monkey,Old World monkeys,Primates
Cercopithecus solatus,-562.09177863906,-31617.793856096087,-23025.786081482787,Cercopithecidae,Primates,Cercopithecus solatus,Cercopithecus solatus,Old World monkeys,Primates
Colobus angolensis palliatus,-562.697096337907,-31617.37800758525,-23026.3569640488,Cercopithecidae,Primates,Colobus angolensis palliatus,Colobus angolensis palliatus,Old World monkeys,Primates
Trachypithecus pileatus,-562.7415481497655,-31617.40452129455,-23025.905347361822,Cercopithecidae,Primates,Trachypithecus pileatus,Trachypithecus pileatus,Old World monkeys,Primates
Trachypithecus shortridgei,-562.7258764205543,-31617.380896796567,-23025.87809850621,Cercopithecidae,Primates,Trachypithecus shortridgei,Shortridge's langur,Old World monkeys,Primates
Rhinopithecus brelichi,-562.7976032278207,-31617.657086439154,-23025.912934275373,Cercopithecidae,Primates,Rhinopithecus brelichi,Gray snub-nosed monkey,Old World monkeys,Primates
Macaca sylvanus,-561.9568017814131,-31617.38949198196,-23026.26882139657,Cercopithecidae,Primates,Macaca sylvanus,Barbary macaque,Old World monkeys,Primates
Macaca sinica,-562.1034402583731,-31617.51743163384,-23026.484609269744,Cercopithecidae,Primates,Macaca sinica,toque macaque,Old World monkeys,Primates
Macaca fascicularis aureus,-562.1633228650667,-31617.479806352847,-23026.48523269173,Cercopithecidae,Primates,Macaca fascicularis aureus,Macaca fascicularis aureus,Old World monkeys,Primates
Macaca radiata,-562.2577198501422,-31617.54031601037,-23026.534701932444,Cercopithecidae,Primates,Macaca radiata,bonnet macaque,Old World monkeys,Primates
Macaca leucogenys,-562.1970629545198,-31617.545253896304,-23026.516317413192,Cercopithecidae,Primates,Macaca leucogenys,Macaca leucogenys,Old World monkeys,Primates
Macaca arctoides,-562.3131890355359,-31617.337895864726,-23026.42610166789,Cercopithecidae,Primates,Macaca arctoides,bear macaque,Old World monkeys,Primates
Macaca assamensis,-562.3617191436889,-31617.590186876423,-23026.546301025104,Cercopithecidae,Primates,Macaca assamensis,Assam macaque,Old World monkeys,Primates
Macaca thibetana,-562.3355305024085,-31617.544886109343,-23026.53991470274,Cercopithecidae,Primates,Macaca thibetana,Pere David's macaque,Old World monkeys,Primates
Macaca leonina,-562.4194167219781,-31617.3702162623,-23026.48360462863,Cercopithecidae,Primates,Macaca leonina,Northern pig-tailed macaque,Old World monkeys,Primates
Macaca nemestrina,-562.3251157936454,-31617.37355840013,-23026.46767490512,Cercopithecidae,Primates,Macaca nemestrina,pigtail monkey,Old World monkeys,Primates
Macaca silenus,-562.375646879923,-31617.406974528065,-23026.50763770324,Cercopithecidae,Primates,Macaca silenus,liontail macaque,Old World monkeys,Primates
Macaca fuscata,-562.0784972864744,-31617.303100443496,-23026.306743186546,Cercopithecidae,Primates,Macaca fuscata,Japanese macaque,Old World monkeys,Primates
Macaca cyclopis,-562.0692629273284,-31617.33496007316,-23026.3469146005,Cercopithecidae,Primates,Macaca cyclopis,Taiwan macaque,Old World monkeys,Primates
Macaca mulatta vestita,-562.1352912026817,-31617.284881633077,-23026.36018769521,Cercopithecidae,Primates,Macaca mulatta vestita,Macaca mulatta vestita,Old World monkeys,Primates
Macaca nigra,-562.2192002674922,-31617.347724449028,-23026.444156823407,Cercopithecidae,Primates,Macaca nigra,Celebes crested macaque,Old World monkeys,Primates
Macaca mulatta brevicaudus,-562.1324429131445,-31617.356268548672,-23026.40632523092,Cercopithecidae,Primates,Macaca mulatta brevicaudus,Macaca mulatta brevicaudus,Old World monkeys,Primates
Macaca mulatta lasiotus,-562.0992748264998,-31617.369796212868,-23026.39414908502,Cercopithecidae,Primates,Macaca mulatta lasiotus,Macaca mulatta lasiotus,Old World monkeys,Primates
Macaca fascicularis,-562.0596558506126,-31617.45862465482,-23026.383730636226,Cercopithecidae,Primates,Macaca fascicularis,crab-eating macaque,Old World monkeys,Primates
Procolobus verus,-562.7746571497727,-31617.447076357603,-23026.25202572143,Cercopithecidae,Primates,Procolobus verus,olive colobus,Old World monkeys,Primates
Piliocolobus badius,-562.7573558390525,-31617.34279099576,-23026.13446641079,Cercopithecidae,Primates,Piliocolobus badius,red colobus,Old World monkeys,Primates
Semnopithecus entellus,-562.8136372919753,-31617.58025553038,-23026.081583625917,Cercopithecidae,Primates,Semnopithecus entellus,Hanuman langur,Old World monkeys,Primates
Trachypithecus vetulus,-562.8090268654801,-31617.45473491003,-23026.090184547127,Cercopithecidae,Primates,Trachypithecus vetulus,purple-faced leaf monkey,Old World monkeys,Primates
Trachypithecus johnii,-562.80717653078,-31617.518914785545,-23026.12830084324,Cercopithecidae,Primates,Trachypithecus johnii,Nilgiri langur,Old World monkeys,Primates
Pygathrix nigripes,-562.7750311070615,-31617.707324982613,-23026.26208420003,Cercopithecidae,Primates,Pygathrix nigripes,Black-shanked douc langur,Old World monkeys,Primates
Pygathrix nemaeus,-562.806491942825,-31617.70612320759,-23026.16225329327,Cercopithecidae,Primates,Pygathrix nemaeus,Red shanked douc langur,Old World monkeys,Primates
Presbytis melalophos,-562.6135329655098,-31617.211093928265,-23025.95648698403,Cercopithecidae,Primates,Presbytis melalophos,mitred leaf monkey,Old World monkeys,Primates
Presbytis femoralis femoralis,-562.5862621220405,-31617.20292637637,-23025.907139114704,Cercopithecidae,Primates,Presbytis femoralis femoralis,Presbytis femoralis femoralis,Old World monkeys,Primates
Presbytis comata comata,-562.6659976561509,-31617.24077964732,-23025.97650074629,Cercopithecidae,Primates,Presbytis comata comata,Presbytis comata comata,Old World monkeys,Primates
Presbytis melalophos mitrata,-562.6598312666695,-31617.23066528703,-23026.02105341425,Cercopithecidae,Primates,Presbytis melalophos mitrata,Presbytis melalophos mitrata,Old World monkeys,Primates
Simias concolor,-562.7826587952836,-31617.615386218156,-23026.241820619594,Cercopithecidae,Primates,Simias concolor,Pig-tailed langur,Old World monkeys,Primates
Nasalis larvatus,-562.7576956803138,-31617.563435092205,-23026.30692421364,Cercopithecidae,Primates,Nasalis larvatus,proboscis monkey,Old World monkeys,Primates
Rhinopithecus avunculus,-562.7592539589415,-31617.667430086945,-23025.833989110448,Cercopithecidae,Primates,Rhinopithecus avunculus,Tonkin snub-nosed monkey,Old World monkeys,Primates
Rhinopithecus strykeri,-562.7758936313255,-31617.69922966355,-23025.888465045515,Cercopithecidae,Primates,Rhinopithecus strykeri,Myanmar snub-nosed monkey,Old World monkeys,Primates
Rhinopithecus bieti,-562.7987854171964,-31617.678809803285,-23025.950358479357,Cercopithecidae,Primates,Rhinopithecus bieti,black snub-nosed monkey,Old World monkeys,Primates
Rhinopithecus roxellana,-562.8062002733324,-31617.607757996782,-23025.92989869639,Cercopithecidae,Primates,Rhinopithecus roxellana,golden snub-nosed monkey,Old World monkeys,Primates
Trachypithecus obscurus,-562.6938492120378,-31617.52691269888,-23025.747934315645,Cercopithecidae,Primates,Trachypithecus obscurus,dusky leaf monkey,Old World monkeys,Primates
Trachypithecus phayrei phayrei,-562.7156714379182,-31617.48127546761,-23025.76642439093,Cercopithecidae,Primates,Trachypithecus phayrei phayrei,Trachypithecus phayrei phayrei,Old World monkeys,Primates
Trachypithecus barbei,-562.7260184458406,-31617.45146799434,-23025.802253002214,Cercopithecidae,Primates,Trachypithecus barbei,Trachypithecus barbei,Old World monkeys,Primates
Trachypithecus poliocephalus,-562.5290953150442,-31617.3477143418,-23025.682942472584,Cercopithecidae,Primates,Trachypithecus poliocephalus,White-headed langur,Old World monkeys,Primates
Trachypithecus francoisi,-562.526360936669,-31617.33197867861,-23025.69838999282,Cercopithecidae,Primates,Trachypithecus francoisi,Indochinese langur,Old World monkeys,Primates
Trachypithecus delacouri,-562.5395982456504,-31617.271918287857,-23025.749828375217,Cercopithecidae,Primates,Trachypithecus delacouri,Delacour's langur,Old World monkeys,Primates
Trachypithecus hatinhensis,-562.5751862497341,-31617.301170060346,-23025.744122022166,Cercopithecidae,Primates,Trachypithecus hatinhensis,Hatinh langur,Old World monkeys,Primates
Trachypithecus phayrei crepuscula,-562.6583506667745,-31617.345146115957,-23025.80221536584,Cercopithecidae,Primates,Trachypithecus phayrei crepuscula,Trachypithecus phayrei crepuscula,Old World monkeys,Primates
Trachypithecus cristatus,-562.625398974542,-31617.38163008578,-23025.738348506096,Cercopithecidae,Primates,Trachypithecus cristatus,silvered leaf monkey,Old World monkeys,Primates
Trachypithecus germaini,-562.6370444096939,-31617.45431581596,-23025.71858421279,Cercopithecidae,Primates,Trachypithecus germaini,Indochinese lutung,Old World monkeys,Primates
Trachypithecus auratus,-562.6192437365645,-31617.483501381324,-23025.69091224344,Cercopithecidae,Primates,Trachypithecus auratus,Javan langur,Old World monkeys,Primates
Trachypithecus mauritius,-562.6086496470979,-31617.43877142928,-23025.69300111824,Cercopithecidae,Primates,Trachypithecus mauritius,Trachypithecus mauritius,Old World monkeys,Primates
Macaca maura,-562.3712967985696,-31617.27057979374,-23026.39064200427,Cercopithecidae,Primates,Macaca maura,moor macaque,Old World monkeys,Primates
Macaca tonkeana,-562.4611489729638,-31617.46384500042,-23026.49899182261,Cercopithecidae,Primates,Macaca tonkeana,Tonkean macaque,Old World monkeys,Primates
Cercocebus torquatus,-562.1432788733586,-31617.245549275463,-23025.798364163944,Cercopithecidae,Primates,Cercocebus torquatus,red-crowned mangabey,Old World monkeys,Primates
Mandrillus sphinx,-562.0256359846871,-31617.268998735337,-23025.98350350799,Cercopithecidae,Primates,Mandrillus sphinx,mandrill,Old World monkeys,Primates
Cercocebus atys,-561.961923518023,-31617.31466839422,-23026.03891448447,Cercopithecidae,Primates,Cercocebus atys,sooty mangabey,Old World monkeys,Primates
Cercocebus atys atys,-561.9595992166244,-31617.302370201265,-23025.979224633076,Cercopithecidae,Primates,Cercocebus atys atys,Cercocebus atys atys,Old World monkeys,Primates
Cercocebus chrysogaster,-562.0565358961161,-31617.280191165955,-23025.86701961786,Cercopithecidae,Primates,Cercocebus chrysogaster,Golden-bellied mangabey,Old World monkeys,Primates
Mandrillus leucophaeus,-562.0751646725212,-31617.25106977435,-23025.924566226426,Cercopithecidae,Primates,Mandrillus leucophaeus,drill,Old World monkeys,Primates
Theropithecus gelada,-562.369053664563,-31617.13593684597,-23026.202097663416,Cercopithecidae,Primates,Theropithecus gelada,gelada,Old World monkeys,Primates
Lophocebus aterrimus,-562.1427934569252,-31617.163303289934,-23026.117563043936,Cercopithecidae,Primates,Lophocebus aterrimus,Black crested mangabey,Old World monkeys,Primates
Papio anubis,-562.2897337406498,-31617.10328641153,-23026.04361510901,Cercopithecidae,Primates,Papio anubis,olive baboon,Old World monkeys,Primates
Papio hamadryas,-562.3001854521777,-31617.09977984716,-23026.073823376617,Cercopithecidae,Primates,Papio hamadryas,hamadryas baboon,Old World monkeys,Primates
Papio kindae,-562.2202244705943,-31617.11449464828,-23026.0095698109,Cercopithecidae,Primates,Papio kindae,Kinda baboon,Old World monkeys,Primates
Papio ursinus,-562.2502789781844,-31617.13146357281,-23025.984857011645,Cercopithecidae,Primates,Papio ursinus,Chacma baboon,Old World monkeys,Primates
Papio papio,-562.2525589137318,-31617.12742705945,-23025.93069070213,Cercopithecidae,Primates,Papio papio,Guinea baboon,Old World monkeys,Primates
Cercopithecus diana,-562.5110774851354,-31617.75939162502,-23026.43751853472,Cercopithecidae,Primates,Cercopithecus diana,Diana monkey,Old World monkeys,Primates
Allenopithecus nigroviridis,-562.4770442285319,-31617.609516486777,-23026.417096505014,Cercopithecidae,Primates,Allenopithecus nigroviridis,Allen's swamp monkey,Old World monkeys,Primates
Erythrocebus patas,-561.9020036045328,-31617.515834939622,-23025.950424670107,Cercopithecidae,Primates,Erythrocebus patas,red guenon,Old World monkeys,Primates
Chlorocebus pygerythrus,-562.013661019866,-31617.623503348022,-23025.793681744017,Cercopithecidae,Primates,Chlorocebus pygerythrus,vervet,Old World monkeys,Primates
Chlorocebus djamdjamensis,-561.9529964939135,-31617.625703514397,-23025.82193792081,Cercopithecidae,Primates,Chlorocebus djamdjamensis,Bale Mountains vervet,Old World monkeys,Primates
Chlorocebus cynosuros,-562.0216878751252,-31617.572510734124,-23025.79929255508,Cercopithecidae,Primates,Chlorocebus cynosuros,malbrouck,Old World monkeys,Primates
Chlorocebus aethiops x Chlorocebus pygerythrus,-562.0453676278428,-31617.53396347467,-23025.75090828544,Cercopithecidae,Primates,Chlorocebus aethiops x Chlorocebus pygerythrus,Chlorocebus aethiops x Chlorocebus pygerythrus,Old World monkeys,Primates
Cercopithecus albogularis,-561.9994709329549,-31617.82674201228,-23026.21993877339,Cercopithecidae,Primates,Cercopithecus albogularis,Sykes' monkey,Old World monkeys,Primates
Cercopithecus mitis,-562.0206074901155,-31617.868062978865,-23026.14078572597,Cercopithecidae,Primates,Cercopithecus mitis,blue monkey,Old World monkeys,Primates
Allochrocebus lhoesti,-562.4907202344459,-31617.91146032323,-23026.34712340067,Cercopithecidae,Primates,Allochrocebus lhoesti,L'Hoest's monkey,Old World monkeys,Primates
Cercopithecus lhoesti,-562.4965177734589,-31617.91354010636,-23026.34361502309,Cercopithecidae,Primates,Cercopithecus lhoesti,Cercopithecus lhoesti,Old World monkeys,Primates
Cercopithecus petaurista petaurista,-562.5494016570367,-31617.98298582644,-23026.03764845713,Cercopithecidae,Primates,Cercopithecus petaurista petaurista,Cercopithecus petaurista petaurista,Old World monkeys,Primates
Lophocebus albigena,-562.1138791125082,-31617.185867121803,-23026.12594169394,Cercopithecidae,Primates,Lophocebus albigena,gray-cheeked mangabey,Old World monkeys,Primates
Miopithecus talapoin,-562.2595923471147,-31617.354831038265,-23025.70258250068,Cercopithecidae,Primates,Miopithecus talapoin,talapoin,Old World monkeys,Primates
Cercopithecus roloway,-561.8865465316081,-31617.560964520373,-23026.053103751325,Cercopithecidae,Primates,Cercopithecus roloway,roloway monkey,Old World monkeys,Primates
Cercopithecus neglectus,-562.5054902502494,-31617.91577370096,-23025.79599472905,Cercopithecidae,Primates,Cercopithecus neglectus,De Brazza's monkey,Old World monkeys,Primates
Cercopithecus mona,-562.2478774882997,-31617.858636294222,-23025.717088919813,Cercopithecidae,Primates,Cercopithecus mona,Mona monkey,Old World monkeys,Primates
Cercopithecus campbelli,-562.2091378589544,-31617.5720814282,-23025.6373702908,Cercopithecidae,Primates,Cercopithecus campbelli,Campbell's monkey,Old World monkeys,Primates
Cercopithecus pogonias nigripes,-562.3939802704267,-31617.760271647527,-23025.638519499083,Cercopithecidae,Primates,Cercopithecus pogonias nigripes,Cercopithecus pogonias nigripes,Old World monkeys,Primates
Cercopithecus pogonias pogonias,-562.3996990910265,-31617.82191019597,-23025.68157919637,Cercopithecidae,Primates,Cercopithecus pogonias pogonias,Cercopithecus pogonias pogonias,Old World monkeys,Primates
Cercopithecus pogonias schwarzianus,-562.2651563048763,-31617.70056831238,-23025.626805612752,Cercopithecidae,Primates,Cercopithecus pogonias schwarzianus,Cercopithecus pogonias schwarzianus,Old World monkeys,Primates
Cercopithecus wolfi elegans,-562.3116389488603,-31617.82430571517,-23025.668650185704,Cercopithecidae,Primates,Cercopithecus wolfi elegans,Cercopithecus wolfi elegans,Old World monkeys,Primates
Cercopithecus nictitans martini,-562.3442508785159,-31617.754695234908,-23025.649426230757,Cercopithecidae,Primates,Cercopithecus nictitans martini,Cercopithecus nictitans martini,Old World monkeys,Primates
Cercopithecus denti,-562.3069650540049,-31617.766620334667,-23025.65358264376,Cercopithecidae,Primates,Cercopithecus denti,Dent's mona monkey,Old World monkeys,Primates
Cercopithecus wolfi,-562.2937304420185,-31617.802981472272,-23025.662049344435,Cercopithecidae,Primates,Cercopithecus wolfi,Wolf's monkey,Old World monkeys,Primates
Cercopithecus dryas,-562.0872557889294,-31617.56410421817,-23025.69763451004,Cercopithecidae,Primates,Cercopithecus dryas,dryas monkey,Old World monkeys,Primates
Cercopithecus albogularis francescae,-562.1252245584268,-31617.96111809352,-23026.034549467036,Cercopithecidae,Primates,Cercopithecus albogularis francescae,Cercopithecus albogularis francescae,Old World monkeys,Primates
Cercopithecus albogularis erythrarchus,-562.0232053694199,-31617.80623033134,-23026.280158331767,Cercopithecidae,Primates,Cercopithecus albogularis erythrarchus,Cercopithecus albogularis erythrarchus,Old World monkeys,Primates
Cercopithecus albogularis moloneyi,-561.9906551980156,-31617.79415722239,-23026.233657259814,Cercopithecidae,Primates,Cercopithecus albogularis moloneyi,Cercopithecus albogularis moloneyi,Old World monkeys,Primates
Cercopithecus albogularis labiatus,-561.977925539233,-31617.816198407385,-23026.19778787116,Cercopithecidae,Primates,Cercopithecus albogularis labiatus,Cercopithecus albogularis labiatus,Old World monkeys,Primates
Cercopithecus mitis boutourlinii,-561.9574546920995,-31617.75690676312,-23026.220734950763,Cercopithecidae,Primates,Cercopithecus mitis boutourlinii,Cercopithecus mitis boutourlinii,Old World monkeys,Primates
Cercopithecus albogularis monoides,-562.0079008717462,-31617.8385568331,-23026.24603347926,Cercopithecidae,Primates,Cercopithecus albogularis monoides,Cercopithecus albogularis monoides,Old World monkeys,Primates
Cercopithecus albogularis albotorquatus,-561.9673544536763,-31617.79289391878,-23026.17567983044,Cercopithecidae,Primates,Cercopithecus albogularis albotorquatus,Cercopithecus albogularis albotorquatus,Old World monkeys,Primates
Cercopithecus mitis heymansi,-562.0135091981574,-31617.89154695083,-23026.013214530005,Cercopithecidae,Primates,Cercopithecus mitis heymansi,Cercopithecus mitis heymansi,Old World monkeys,Primates
Cercopithecus albogularis kolbi,-562.0000392357254,-31617.841097410183,-23026.054728092196,Cercopithecidae,Primates,Cercopithecus albogularis kolbi,Mount Kenya Sykes' monkey,Old World monkeys,Primates
Cercopithecus doggetti,-562.0536953920769,-31617.91198843646,-23026.08144411305,Cercopithecidae,Primates,Cercopithecus doggetti,silver monkey,Old World monkeys,Primates
Cercopithecus mitis stuhlmanni,-562.0866276453154,-31617.93268755701,-23026.177040481667,Cercopithecidae,Primates,Cercopithecus mitis stuhlmanni,Cercopithecus mitis stuhlmanni,Old World monkeys,Primates
Cercopithecus kandti,-562.087500265636,-31617.919862724,-23026.108245523337,Cercopithecidae,Primates,Cercopithecus kandti,golden monkey,Old World monkeys,Primates
Cercopithecus mitis opisthostictus,-562.0955439570627,-31617.941318747795,-23025.982972241723,Cercopithecidae,Primates,Cercopithecus mitis opisthostictus,Cercopithecus mitis opisthostictus,Old World monkeys,Primates
Cercopithecus mitis mitis,-561.9396152542047,-31617.7737989374,-23026.06937168037,Cercopithecidae,Primates,Cercopithecus mitis mitis,Cercopithecus mitis mitis,Old World monkeys,Primates
Cercopithecus nictitans nictitans,-562.1388824083484,-31617.93640809651,-23026.24782029557,Cercopithecidae,Primates,Cercopithecus nictitans nictitans,Cercopithecus nictitans nictitans,Old World monkeys,Primates
Cercopithecus erythrotis erythrotis,-562.3730533172587,-31618.00492122007,-23026.24322007672,Cercopithecidae,Primates,Cercopithecus erythrotis erythrotis,Cercopithecus erythrotis erythrotis,Old World monkeys,Primates
Cercopithecus erythrotis camerunensis,-562.413025479346,-31617.98668076528,-23026.25659689044,Cercopithecidae,Primates,Cercopithecus erythrotis camerunensis,Cercopithecus erythrotis camerunensis,Old World monkeys,Primates
Cercopithecus erythrogaster pococki,-562.5630931235863,-31617.97375395321,-23025.97269901424,Cercopithecidae,Primates,Cercopithecus erythrogaster pococki,Cercopithecus erythrogaster pococki,Old World monkeys,Primates
Cercopithecus cephus,-562.4452223667926,-31618.029649518463,-23026.114140009155,Cercopithecidae,Primates,Cercopithecus cephus,moustached guenon,Old World monkeys,Primates
Cercopithecus cephus ngottoensis,-562.441112536996,-31618.02195747761,-23026.01517061416,Cercopithecidae,Primates,Cercopithecus cephus ngottoensis,Cercopithecus cephus ngottoensis,Old World monkeys,Primates
Cercopithecus ascanius schmidti,-562.5023087058975,-31617.99183556413,-23026.16332955874,Cercopithecidae,Primates,Cercopithecus ascanius schmidti,Cercopithecus ascanius schmidti,Old World monkeys,Primates
Cercopithecus ascanius katangae,-562.5302934560901,-31617.96912865361,-23026.20326575904,Cercopithecidae,Primates,Cercopithecus ascanius katangae,Cercopithecus ascanius katangae,Old World monkeys,Primates
Cercopithecus ascanius ascanius,-562.5513239397723,-31617.93995445122,-23026.23874958007,Cercopithecidae,Primates,Cercopithecus ascanius ascanius,Cercopithecus ascanius ascanius,Old World monkeys,Primates
Cercopithecus preussi insularis,-562.3751610525744,-31618.047981293428,-23025.99372241315,Cercopithecidae,Primates,Cercopithecus preussi insularis,Cercopithecus preussi insularis,Old World monkeys,Primates
Miopithecus ogouensis,-562.6280126079124,-31617.63355445756,-23026.38648935752,Cercopithecidae,Primates,Miopithecus ogouensis,Gabon talapoin,Old World monkeys,Primates
Cercopithecus pogonias grayi,-562.3535828487609,-31617.916466669874,-23025.750265977127,Cercopithecidae,Primates,Cercopithecus pogonias grayi,Cercopithecus pogonias grayi,Old World monkeys,Primates
Cercopithecus cephus cephus,-562.3621625030795,-31617.94469312253,-23026.33405384293,Cercopithecidae,Primates,Cercopithecus cephus cephus,Cercopithecus cephus cephus,Old World monkeys,Primates
Cercopithecus ascanius whitesidei,-562.3626354734242,-31618.018295590824,-23026.09189652168,Cercopithecidae,Primates,Cercopithecus ascanius whitesidei,Cercopithecus ascanius whitesidei,Old World monkeys,Primates
Cercopithecus wolfi pyrogaster,-562.3544237825947,-31617.84890017204,-23025.689953475445,Cercopithecidae,Primates,Cercopithecus wolfi pyrogaster,Cercopithecus wolfi pyrogaster,Old World monkeys,Primates
Cercopithecus preussi preussi,-562.3571401710559,-31617.887345103965,-23026.41753801783,Cercopithecidae,Primates,Cercopithecus preussi preussi,Cercopithecus preussi preussi,Old World monkeys,Primates
Colobus angolensis,-562.6306439336381,-31617.229838100724,-23026.17544185609,Cercopithecidae,Primates,Colobus angolensis,Angolan colobus,Old World monkeys,Primates
Colobus satanas,-562.6590641245292,-31617.234157486448,-23026.24584560617,Cercopithecidae,Primates,Colobus satanas,Black Colobus,Old World monkeys,Primates
Colobus polykomos,-562.686722422874,-31617.28511058277,-23026.273693446867,Cercopithecidae,Primates,Colobus polykomos,king colobus,Old World monkeys,Primates
Cercocebus agilis,-562.0565358961161,-31617.280191165955,-23025.86701961786,Cercopithecidae,Primates,Cercocebus agilis,agile mangabey,Old World monkeys,Primates
Rungwecebus kipunji,-562.2483925924263,-31617.13480422544,-23026.13172978098,Cercopithecidae,Primates,Rungwecebus kipunji,Highland mangabey,Old World monkeys,Primates
Cercopithecus pogonias,-562.3132292925052,-31617.64601540464,-23025.61165616924,Cercopithecidae,Primates,Cercopithecus pogonias,crowned guenon,Old World monkeys,Primates
Cercopithecus nictitans,-562.1525376639437,-31617.97093370546,-23026.175638830933,Cercopithecidae,Primates,Cercopithecus nictitans,white-nosed guenon,Old World monkeys,Primates
Cercopithecus erythrogaster,-562.616090021624,-31617.955589230656,-23026.06918394352,Cercopithecidae,Primates,Cercopithecus erythrogaster,white-throated guenon,Old World monkeys,Primates
Cercopithecus petaurista,-562.5591445176747,-31617.993920537872,-23026.09263946501,Cercopithecidae,Primates,Cercopithecus petaurista,lesser white-nosed monkey,Old World monkeys,Primates
Hoolock leuconedys,-559.5870845920116,-31619.32549240196,-23022.11194818551,Hylobatidae,Primates,Hoolock leuconedys,eastern hoolock gibbon,lesser apes,Primates
Nomascus gabriellae,-559.7432259749368,-31619.49232292582,-23022.38265029759,Hylobatidae,Primates,Nomascus gabriellae,Red-cheeked gibbon,lesser apes,Primates
Nomascus siki,-559.8503929050249,-31619.44473157546,-23022.39896040905,Hylobatidae,Primates,Nomascus siki,southern white-cheeked gibbon,lesser apes,Primates
Nomascus leucogenys,-559.8015593014902,-31619.42084515315,-23022.41016681892,Hylobatidae,Primates,Nomascus leucogenys,White-cheeked Gibbon,lesser apes,Primates
Hoolock tianxing,-559.5933356829443,-31619.28472778017,-23022.14113340923,Hylobatidae,Primates,Hoolock tianxing,Gaoligong hoolock gibbon,lesser apes,Primates
Hoolock leuconedys x Hoolock tianxing,-559.5861651687452,-31619.313319051584,-23022.12734508661,Hylobatidae,Primates,Hoolock leuconedys x Hoolock tianxing,Hoolock leuconedys x Hoolock tianxing,lesser apes,Primates
Hoolock hoolock,-559.5928578433088,-31619.442905837564,-23022.10610041533,Hylobatidae,Primates,Hoolock hoolock,Western hoolock gibbon,lesser apes,Primates
Symphalangus syndactylus,-559.7682500438237,-31619.602640560686,-23022.11044157517,Hylobatidae,Primates,Symphalangus syndactylus,siamang,lesser apes,Primates
Hylobates pileatus,-559.8825199299082,-31619.159142390417,-23022.168428976707,Hylobatidae,Primates,Hylobates pileatus,pileated gibbon,lesser apes,Primates
Hylobates lar,-559.8665435517712,-31619.414369709742,-23021.960699927637,Hylobatidae,Primates,Hylobates lar,common gibbon,lesser apes,Primates
Hylobates agilis,-559.9647812398917,-31619.515606238,-23022.117446198667,Hylobatidae,Primates,Hylobates agilis,agile gibbon,lesser apes,Primates
Nomascus concolor,-559.7761892227427,-31619.302087568303,-23022.404588660254,Hylobatidae,Primates,Nomascus concolor,crested gibbon,lesser apes,Primates
Hylobates moloch,-560.0136279623473,-31619.30849893117,-23022.15660210477,Hylobatidae,Primates,Hylobates moloch,silvery gibbon,lesser apes,Primates
Hylobates klossii,-559.9728343662395,-31619.38736458876,-23022.04930189844,Hylobatidae,Primates,Hylobates klossii,Kloss's gibbon,lesser apes,Primates
Hylobates muelleri,-559.8990655982635,-31619.25563604487,-23022.00635483418,Hylobatidae,Primates,Hylobates muelleri,Mueller's Borneo gibbon,lesser apes,Primates
Pongo pygmaeus,-559.7557790147404,-31621.84447756592,-23021.519559095723,Hominidae,Primates,Pongo pygmaeus,Orang-utan,great apes,Primates
Pongo abelii,-559.8132230129196,-31621.89261657358,-23021.575431081805,Hominidae,Primates,Pongo abelii,Orang-utan,great apes,Primates
Gorilla beringei graueri,-559.8308820052805,-31621.636423336568,-23021.36622526625,Hominidae,Primates,Gorilla beringei graueri,eastern lowland gorilla,great apes,Primates
Gorilla beringei,-559.8289548905884,-31621.63234903723,-23021.368569056493,Hominidae,Primates,Gorilla beringei,mountain gorilla,great apes,Primates
Gorilla gorilla gorilla,-559.9352158192675,-31621.544849656293,-23021.380619530213,Hominidae,Primates,Gorilla gorilla gorilla,lowland gorilla,great apes,Primates
Gorilla gorilla,-559.944290389122,-31621.554280097585,-23021.37310226865,Hominidae,Primates,Gorilla gorilla,western gorilla,great apes,Primates
Pan troglodytes troglodytes,-559.9713420019103,-31621.617180997124,-23021.71643855514,Hominidae,Primates,Pan troglodytes troglodytes,Pan troglodytes troglodytes,great apes,Primates
Pan troglodytes schweinfurthii,-559.9848100793084,-31621.649931001244,-23021.727746043616,Hominidae,Primates,Pan troglodytes schweinfurthii,Pan troglodytes schweinfurthii,great apes,Primates
Homo sapiens,-560.0403056135278,-31621.88210369786,-23021.49218694364,Hominidae,Primates,Homo sapiens,human,great apes,Primates
Pan paniscus,-560.0715216963506,-31621.55577759541,-23021.62186831418,Hominidae,Primates,Pan paniscus,pygmy chimpanzee,great apes,Primates
Pan troglodytes verus,-559.8607441853031,-31621.6402995262,-23021.71222129803,Hominidae,Primates,Pan troglodytes verus,Pan troglodytes verus,great apes,Primates
Pan troglodytes,-559.8822016167582,-31621.63878619506,-23021.71808853978,Hominidae,Primates,Pan troglodytes,chimpanzee,great apes,Primates
Pan troglodytes ellioti,-559.8794397184789,-31621.5892061901,-23021.69462342456,Hominidae,Primates,Pan troglodytes ellioti,Pan troglodytes ellioti,great apes,Primates
Homo heidelbergensis,-560.1333432946558,-31621.78008082036,-23021.46713116496,Hominidae,Primates,Homo heidelbergensis,Heidelberg man,great apes,Primates
Homo neanderthalensis,-560.0894007411231,-31621.85534171638,-23021.547522432014,Hominidae,Primates,Homo neanderthalensis,Homo neanderthalensis,great apes,Primates
Homo denisova,-560.0717734551131,-31621.81426977958,-23021.41544719187,Hominidae,Primates,Homo denisova,Homo denisova,great apes,Primates
Tarsius syrichta,-566.3309536392451,-31607.16820180485,-23039.524427724053,Tarsiidae,Primates,Tarsius syrichta,Tarsius syrichta,tarsiers,Primates
Carlito syrichta,-566.3309536392451,-31607.16820180485,-23039.524427724053,Tarsiidae,Primates,Carlito syrichta,Philippine tarsier,tarsiers,Primates
Tarsius bancanus,-567.5115558560686,-31606.646677846264,-23040.23321712425,Tarsiidae,Primates,Tarsius bancanus,Tarsius bancanus,tarsiers,Primates
Cephalopachus bancanus,-567.5115558560686,-31606.646677846264,-23040.23321712425,Tarsiidae,Primates,Cephalopachus bancanus,Horsfield's tarsier,tarsiers,Primates
Tarsius wallacei,-566.1531478613286,-31605.960827993757,-23040.649269238107,Tarsiidae,Primates,Tarsius wallacei,Tarsius wallacei,tarsiers,Primates
Tarsius lariang,-566.1824992578712,-31606.540377665595,-23040.964759107286,Tarsiidae,Primates,Tarsius lariang,Lariang tarsier,tarsiers,Primates
Tarsius dentatus,-566.9991473968344,-31605.74051563041,-23038.63407523024,Tarsiidae,Primates,Tarsius dentatus,Dian's tarsier,tarsiers,Primates
